-- MySQL dump 10.13  Distrib 5.7.17, for Win64 (x86_64)
--
-- Host: 127.0.0.1    Database: yiyun
-- ------------------------------------------------------
-- Server version	5.7.17-log

/*!40101 SET @OLD_CHARACTER_SET_CLIENT=@@CHARACTER_SET_CLIENT */;
/*!40101 SET @OLD_CHARACTER_SET_RESULTS=@@CHARACTER_SET_RESULTS */;
/*!40101 SET @OLD_COLLATION_CONNECTION=@@COLLATION_CONNECTION */;
/*!40101 SET NAMES utf8 */;
/*!40103 SET @OLD_TIME_ZONE=@@TIME_ZONE */;
/*!40103 SET TIME_ZONE='+00:00' */;
/*!40014 SET @OLD_UNIQUE_CHECKS=@@UNIQUE_CHECKS, UNIQUE_CHECKS=0 */;
/*!40014 SET @OLD_FOREIGN_KEY_CHECKS=@@FOREIGN_KEY_CHECKS, FOREIGN_KEY_CHECKS=0 */;
/*!40101 SET @OLD_SQL_MODE=@@SQL_MODE, SQL_MODE='NO_AUTO_VALUE_ON_ZERO' */;
/*!40111 SET @OLD_SQL_NOTES=@@SQL_NOTES, SQL_NOTES=0 */;

--
-- Table structure for table `ad`
--

DROP TABLE IF EXISTS `ad`;
/*!40101 SET @saved_cs_client     = @@character_set_client */;
/*!40101 SET character_set_client = utf8 */;
CREATE TABLE `ad` (
  `id` int(11) NOT NULL AUTO_INCREMENT,
  `imgUrl` varchar(105) DEFAULT NULL,
  `title` varchar(45) DEFAULT NULL,
  `shortContent` varchar(45) DEFAULT NULL,
  `targetUrl` varchar(45) DEFAULT NULL,
  `date` date DEFAULT NULL,
  PRIMARY KEY (`id`)
) ENGINE=InnoDB AUTO_INCREMENT=25 DEFAULT CHARSET=utf8;
/*!40101 SET character_set_client = @saved_cs_client */;

--
-- Dumping data for table `ad`
--

LOCK TABLES `ad` WRITE;
/*!40000 ALTER TABLE `ad` DISABLE KEYS */;
INSERT INTO `ad` VALUES (21,'/image/1533533966448.jpg','唐诗讲堂','一节很有意思的课',NULL,'2018-08-06'),(22,'/image/1534263055210.jpg','数据库','数据库基础速成',NULL,'2018-08-15'),(24,'/image/1526606619823.png','跟我学','',NULL,'2018-05-18');
/*!40000 ALTER TABLE `ad` ENABLE KEYS */;
UNLOCK TABLES;

--
-- Table structure for table `announcement`
--

DROP TABLE IF EXISTS `announcement`;
/*!40101 SET @saved_cs_client     = @@character_set_client */;
/*!40101 SET character_set_client = utf8 */;
CREATE TABLE `announcement` (
  `id` int(11) NOT NULL AUTO_INCREMENT,
  `title` varchar(100) DEFAULT NULL,
  `content` varchar(600) DEFAULT NULL,
  `date` date DEFAULT NULL,
  `courseId` varchar(45) NOT NULL,
  PRIMARY KEY (`id`)
) ENGINE=InnoDB AUTO_INCREMENT=14 DEFAULT CHARSET=utf8;
/*!40101 SET character_set_client = @saved_cs_client */;

--
-- Dumping data for table `announcement`
--

LOCK TABLES `announcement` WRITE;
/*!40000 ALTER TABLE `announcement` DISABLE KEYS */;
INSERT INTO `announcement` VALUES (13,'停课通知','<div contenteditable=\"true\" style=\"width:100%; height:100%;\" class=\"w-e-text\" id=\"text-elem5066029694030514\"><p>本周2月30日停课一天，请同学自行安排</p></div>','2018-05-29','59');
/*!40000 ALTER TABLE `announcement` ENABLE KEYS */;
UNLOCK TABLES;

--
-- Table structure for table `article`
--

DROP TABLE IF EXISTS `article`;
/*!40101 SET @saved_cs_client     = @@character_set_client */;
/*!40101 SET character_set_client = utf8 */;
CREATE TABLE `article` (
  `id` int(8) NOT NULL AUTO_INCREMENT COMMENT '文章id',
  `content` text NOT NULL COMMENT '文章内容',
  `imgUrl` varchar(100) DEFAULT NULL COMMENT '文章缩略图地址',
  `title` varchar(100) DEFAULT NULL COMMENT '文章标题',
  `authorId` int(8) DEFAULT '0' COMMENT '文章发布者id',
  `tag` varchar(50) DEFAULT '0' COMMENT '文章标签，news表示最新推荐，hot表示最热门推荐',
  `date` date DEFAULT NULL COMMENT '文章发布时间',
  `weight` int(11) DEFAULT NULL COMMENT '用于排序时文章权重',
  `shortContent` text COMMENT '文章简短描述',
  PRIMARY KEY (`id`)
) ENGINE=InnoDB AUTO_INCREMENT=67 DEFAULT CHARSET=utf8;
/*!40101 SET character_set_client = @saved_cs_client */;

--
-- Dumping data for table `article`
--

LOCK TABLES `article` WRITE;
/*!40000 ALTER TABLE `article` DISABLE KEYS */;
INSERT INTO `article` VALUES (59,'<p style=\"margin-top: 0px; margin-bottom: 0px; padding: 0px; color: rgb(28, 31, 33); font-family: &quot;PingFang SC&quot;, 微软雅黑, &quot;Microsoft YaHei&quot;, Helvetica, &quot;Helvetica Neue&quot;, Tahoma, Arial, sans-serif; font-size: 14px; white-space: normal; background-color: rgb(248, 250, 252);\"><img title=\"从构建分布式秒杀系统聊聊线程池_\" src=\"https://img.mukewang.com/5a5d55de00015cba05120512.jpg\" alt=\"图片描述\"/></p><p><span style=\"color: rgb(28, 31, 33); font-family: &quot;PingFang SC&quot;, 微软雅黑, &quot;Microsoft YaHei&quot;, Helvetica, &quot;Helvetica Neue&quot;, Tahoma, Arial, sans-serif; background-color: rgb(248, 250, 252); display: block; font-size: 22px; margin: 22px 0px 10px;\">前言</span></p><p style=\"margin-top: 0px; margin-bottom: 0px; padding: 0px; color: rgb(28, 31, 33); font-family: &quot;PingFang SC&quot;, 微软雅黑, &quot;Microsoft YaHei&quot;, Helvetica, &quot;Helvetica Neue&quot;, Tahoma, Arial, sans-serif; font-size: 14px; white-space: normal; background-color: rgb(248, 250, 252);\">从0到1构建分布式秒杀系统案例的代码已经全部上传至码云，文章也被分发到各个平台。其中也收到了不少小伙伴喜欢和反馈，有网友如是说：</p><blockquote style=\"margin: 0px; padding: 0px; quotes: none; color: rgb(28, 31, 33); font-family: &quot;PingFang SC&quot;, 微软雅黑, &quot;Microsoft YaHei&quot;, Helvetica, &quot;Helvetica Neue&quot;, Tahoma, Arial, sans-serif; font-size: 14px; white-space: normal; background-color: rgb(248, 250, 252);\"><p style=\"margin-top: 0px; margin-bottom: 0px; padding: 0px;\">说实话，能用上的不多，中小企业都不可能用到，大型企业也不是一个人就能搞起的，大部分人一辈子都用不上，等有这个需要再搞吧。</p></blockquote><p style=\"margin-top: 0px; margin-bottom: 0px; padding: 0px; color: rgb(28, 31, 33); font-family: &quot;PingFang SC&quot;, 微软雅黑, &quot;Microsoft YaHei&quot;, Helvetica, &quot;Helvetica Neue&quot;, Tahoma, Arial, sans-serif; font-size: 14px; white-space: normal; background-color: rgb(248, 250, 252);\">我的观点是赞同但不支持，基本上任何事物都是呈金字塔分布，互联网也不例外，也就是说大部分可能都是普通人，接触不到所谓大厂的应用场景。但是，书到用时方恨少，机会总是留给有准备的人的，除非有钱难买我乐意，只能说大千世界，每个人都有自己的生活方式，尊重并活着。</p><p><span style=\"color: rgb(28, 31, 33); font-family: &quot;PingFang SC&quot;, 微软雅黑, &quot;Microsoft YaHei&quot;, Helvetica, &quot;Helvetica Neue&quot;, Tahoma, Arial, sans-serif; background-color: rgb(248, 250, 252); display: block; font-size: 22px; margin: 22px 0px 10px;\">进程和线程</span></p><p style=\"margin-top: 0px; margin-bottom: 0px; padding: 0px; color: rgb(28, 31, 33); font-family: &quot;PingFang SC&quot;, 微软雅黑, &quot;Microsoft YaHei&quot;, Helvetica, &quot;Helvetica Neue&quot;, Tahoma, Arial, sans-serif; font-size: 14px; white-space: normal; background-color: rgb(248, 250, 252);\">前面都是扯淡，也不是什么铺垫，在聊线程池之前我们最好简单了解下什么是进程，什么是线程，进程和线程到底有什么区别？</p><p style=\"margin-top: 0px; margin-bottom: 0px; padding: 0px; color: rgb(28, 31, 33); font-family: &quot;PingFang SC&quot;, 微软雅黑, &quot;Microsoft YaHei&quot;, Helvetica, &quot;Helvetica Neue&quot;, Tahoma, Arial, sans-serif; font-size: 14px; white-space: normal; background-color: rgb(248, 250, 252);\">这里我们，搬运下某百科的释义：</p><blockquote style=\"margin: 0px; padding: 0px; quotes: none; color: rgb(28, 31, 33); font-family: &quot;PingFang SC&quot;, 微软雅黑, &quot;Microsoft YaHei&quot;, Helvetica, &quot;Helvetica Neue&quot;, Tahoma, Arial, sans-serif; font-size: 14px; white-space: normal; background-color: rgb(248, 250, 252);\"><p style=\"margin-top: 0px; margin-bottom: 0px; padding: 0px;\">进程是计算机中的程序关于某数据集合上的一次运行活动，是系统进行资源分配和调度的基本单位，是操作系统结构的基础。在早期面向进程设计的计算机结构中，进程是程序的基本执行实体；在当代面向线程设计的计算机结构中，进程是线程的容器。程序是指令、数据及其组织形式的描述，进程是程序的实体。</p></blockquote><p style=\"margin-top: 0px; margin-bottom: 0px; padding: 0px; color: rgb(28, 31, 33); font-family: &quot;PingFang SC&quot;, 微软雅黑, &quot;Microsoft YaHei&quot;, Helvetica, &quot;Helvetica Neue&quot;, Tahoma, Arial, sans-serif; font-size: 14px; white-space: normal; background-color: rgb(248, 250, 252);\">当然，知乎上也有不少网友的回答，每个人都有自己不同的理解方式。这里我们拿Tomcat容器做例子：你可以这么理解，运行中的Tomcat容器就是一个进程，而每个用户的操作(查询、上传)可以当做一个或者多个线程。</p><p><span style=\"color: rgb(28, 31, 33); font-family: &quot;PingFang SC&quot;, 微软雅黑, &quot;Microsoft YaHei&quot;, Helvetica, &quot;Helvetica Neue&quot;, Tahoma, Arial, sans-serif; background-color: rgb(248, 250, 252); display: block; font-size: 22px; margin: 22px 0px 10px;\"><br/></span></p><p><span style=\"color: rgb(28, 31, 33); font-family: &quot;PingFang SC&quot;, 微软雅黑, &quot;Microsoft YaHei&quot;, Helvetica, &quot;Helvetica Neue&quot;, Tahoma, Arial, sans-serif; font-size: 14px; background-color: rgb(248, 250, 252);\">作者：白墨</span></p><p><br/></p>','null','从构建分布式秒杀系统聊聊线程池',68,'n','2018-05-21',NULL,''),(60,'<p style=\"margin-top: 0px; margin-bottom: 0px; padding: 0px; color: rgb(28, 31, 33); font-family: &quot;PingFang SC&quot;, 微软雅黑, &quot;Microsoft YaHei&quot;, Helvetica, &quot;Helvetica Neue&quot;, Tahoma, Arial, sans-serif; font-size: 14px; white-space: normal; background-color: rgb(248, 250, 252);\"><img title=\"你或许不知道Vue的这些小技巧_\" src=\"http://ww1.sinaimg.cn/large/005Y4rCogy1fry5mboqkdj30qe0hl4qp.jpg\"/></p><p><span style=\"color: rgb(28, 31, 33); font-family: &quot;PingFang SC&quot;, 微软雅黑, &quot;Microsoft YaHei&quot;, Helvetica, &quot;Helvetica Neue&quot;, Tahoma, Arial, sans-serif; background-color: rgb(248, 250, 252); display: block; font-size: 22px; margin: 22px 0px 10px;\">前言</span></p><p style=\"margin-top: 0px; margin-bottom: 0px; padding: 0px; color: rgb(28, 31, 33); font-family: &quot;PingFang SC&quot;, 微软雅黑, &quot;Microsoft YaHei&quot;, Helvetica, &quot;Helvetica Neue&quot;, Tahoma, Arial, sans-serif; font-size: 14px; white-space: normal; background-color: rgb(248, 250, 252);\">用Vue开发一个网页并不难，但是也经常会遇到一些问题，其实大部分的问题都在文档中有所提及，再不然我们通过谷歌也能成功搜索到问题的答案，为了帮助小伙伴们提前踩坑，在遇到问题的时候，心里大概有个谱知道该如何去解决问题。这篇文章是将自己知道的一些小技巧，结合查阅资料整理成的一篇文章，如果喜欢的话可以点波赞/关注，支持一下，希望大家看完本文可以有所收获。</p><blockquote style=\"margin: 0px; padding: 0px; quotes: none; color: rgb(28, 31, 33); font-family: &quot;PingFang SC&quot;, 微软雅黑, &quot;Microsoft YaHei&quot;, Helvetica, &quot;Helvetica Neue&quot;, Tahoma, Arial, sans-serif; font-size: 14px; white-space: normal; background-color: rgb(248, 250, 252);\"><p style=\"margin-top: 0px; margin-bottom: 0px; padding: 0px;\">个人博客了解一下：<a href=\"http://obkoro1.com/\" target=\"_blank\" style=\"outline: 0px; text-decoration-line: none; color: rgb(28, 31, 33);\">obkoro1.com</a></p></blockquote><hr/><p><span style=\"color: rgb(28, 31, 33); font-family: &quot;PingFang SC&quot;, 微软雅黑, &quot;Microsoft YaHei&quot;, Helvetica, &quot;Helvetica Neue&quot;, Tahoma, Arial, sans-serif; background-color: rgb(248, 250, 252); display: block; font-size: 22px; margin: 22px 0px 10px;\">文章内容总结:</span></p><ol style=\"list-style-type: none;\" class=\" list-paddingleft-2\"><li><p>组件style的scoped</p></li><li><p>Vue 数组/对象更新 视图不更新</p></li><li><p>vue filters 过滤器的使用</p></li><li><p>列表渲染相关</p></li><li><p>深度watch与watch立即触发回调</p></li><li><p>这些情况下不要使用箭头函数</p></li><li><p>路由懒加载写法</p></li><li><p>路由的项目启动页和404页面</p></li><li><p>Vue调试神器:vue-devtools</p></li></ol><hr/><h3 style=\"margin: 0px; padding: 0px; font-size: 16px; font-weight: 400; line-height: 32px; color: rgb(28, 31, 33); font-family: &quot;PingFang SC&quot;, 微软雅黑, &quot;Microsoft YaHei&quot;, Helvetica, &quot;Helvetica Neue&quot;, Tahoma, Arial, sans-serif; white-space: normal; background-color: rgb(248, 250, 252);\">组件style的scoped:</h3><p style=\"margin-top: 0px; margin-bottom: 0px; padding: 0px; color: rgb(28, 31, 33); font-family: &quot;PingFang SC&quot;, 微软雅黑, &quot;Microsoft YaHei&quot;, Helvetica, &quot;Helvetica Neue&quot;, Tahoma, Arial, sans-serif; font-size: 14px; white-space: normal; background-color: rgb(248, 250, 252);\">问题：在组件中用js动态创建的dom，添加样式不生效。</p><p style=\"margin-top: 0px; margin-bottom: 0px; padding: 0px; color: rgb(28, 31, 33); font-family: &quot;PingFang SC&quot;, 微软雅黑, &quot;Microsoft YaHei&quot;, Helvetica, &quot;Helvetica Neue&quot;, Tahoma, Arial, sans-serif; font-size: 14px; white-space: normal; background-color: rgb(248, 250, 252);\">场景:</p><pre style=\"margin-top: 0px; margin-bottom: 0px; padding: 0px; color: rgb(28, 31, 33); font-size: 14px; background-color: rgb(248, 250, 252);\">&nbsp;&nbsp;&nbsp;&nbsp;&lt;template&gt;\r\n&nbsp;&nbsp;&nbsp;&nbsp;&nbsp;&nbsp;&nbsp;&nbsp;&nbsp;&lt;div&nbsp;class=&quot;test&quot;&gt;&lt;/div&gt;\r\n&nbsp;&nbsp;&nbsp;&nbsp;&lt;/template&gt;\r\n&nbsp;&nbsp;&nbsp;&nbsp;&lt;script&gt;\r\n&nbsp;&nbsp;&nbsp;&nbsp;&nbsp;&nbsp;&nbsp;&nbsp;let&nbsp;a=document.querySelector(&#39;.test&#39;);\r\n&nbsp;&nbsp;&nbsp;&nbsp;&nbsp;&nbsp;&nbsp;&nbsp;let&nbsp;newDom=document.createElement(&quot;div&quot;);&nbsp;//&nbsp;创建dom\r\n&nbsp;&nbsp;&nbsp;&nbsp;&nbsp;&nbsp;&nbsp;&nbsp;newDom.setAttribute(&quot;class&quot;,&quot;testAdd&quot;&nbsp;);&nbsp;//&nbsp;添加样式\r\n&nbsp;&nbsp;&nbsp;&nbsp;&nbsp;&nbsp;&nbsp;&nbsp;a.appendChild(newDom);&nbsp;//&nbsp;插入dom\r\n&nbsp;&nbsp;&nbsp;&nbsp;&lt;/script&gt;\r\n&nbsp;&nbsp;&nbsp;&nbsp;&lt;style&nbsp;scoped&gt;\r\n&nbsp;&nbsp;&nbsp;&nbsp;.test{\r\n&nbsp;&nbsp;&nbsp;&nbsp;&nbsp;&nbsp;&nbsp;background:blue;\r\n&nbsp;&nbsp;&nbsp;&nbsp;&nbsp;&nbsp;&nbsp;&nbsp;height:100px;\r\n&nbsp;&nbsp;&nbsp;&nbsp;&nbsp;&nbsp;&nbsp;&nbsp;width:100px;\r\n&nbsp;&nbsp;&nbsp;&nbsp;}\r\n&nbsp;&nbsp;&nbsp;&nbsp;.testAdd{\r\n&nbsp;&nbsp;&nbsp;&nbsp;&nbsp;&nbsp;&nbsp;&nbsp;background:red;\r\n&nbsp;&nbsp;&nbsp;&nbsp;&nbsp;&nbsp;&nbsp;&nbsp;height:100px;\r\n&nbsp;&nbsp;&nbsp;&nbsp;&nbsp;&nbsp;&nbsp;&nbsp;width:100px;\r\n&nbsp;&nbsp;&nbsp;&nbsp;}\r\n&nbsp;&nbsp;&nbsp;&nbsp;&lt;/style&gt;</pre><p style=\"margin-top: 0px; margin-bottom: 0px; padding: 0px; color: rgb(28, 31, 33); font-family: &quot;PingFang SC&quot;, 微软雅黑, &quot;Microsoft YaHei&quot;, Helvetica, &quot;Helvetica Neue&quot;, Tahoma, Arial, sans-serif; font-size: 14px; white-space: normal; background-color: rgb(248, 250, 252);\">结果：</p><pre style=\"margin-top: 0px; margin-bottom: 0px; padding: 0px; color: rgb(28, 31, 33); font-size: 14px; background-color: rgb(248, 250, 252);\">//&nbsp;test生效&nbsp;&nbsp;&nbsp;testAdd&nbsp;不生效\r\n&lt;div&nbsp;data-v-1b971ada&nbsp;class=&quot;test&quot;&gt;&lt;div&nbsp;class=&quot;testAdd&quot;&gt;&lt;/div&gt;&lt;/div&gt;\r\n.test[data-v-1b971ada]{&nbsp;//&nbsp;注意data-v-1b971ada\r\n&nbsp;&nbsp;&nbsp;&nbsp;background:blue;\r\n&nbsp;&nbsp;&nbsp;&nbsp;height:100px;\r\n&nbsp;&nbsp;&nbsp;&nbsp;width:100px;\r\n}</pre><p style=\"margin-top: 0px; margin-bottom: 0px; padding: 0px; color: rgb(28, 31, 33); font-family: &quot;PingFang SC&quot;, 微软雅黑, &quot;Microsoft YaHei&quot;, Helvetica, &quot;Helvetica Neue&quot;, Tahoma, Arial, sans-serif; font-size: 14px; white-space: normal; background-color: rgb(248, 250, 252);\">原因:</p><p style=\"margin-top: 0px; margin-bottom: 0px; padding: 0px; color: rgb(28, 31, 33); font-family: &quot;PingFang SC&quot;, 微软雅黑, &quot;Microsoft YaHei&quot;, Helvetica, &quot;Helvetica Neue&quot;, Tahoma, Arial, sans-serif; font-size: 14px; white-space: normal; background-color: rgb(248, 250, 252);\">当&nbsp;<code style=\"margin: 0px; padding: 0px;\">&lt;style&gt;</code>&nbsp;标签有&nbsp;<a href=\"https://vue-loader-v14.vuejs.org/zh-cn/features/scoped-css.html\" target=\"_blank\" style=\"outline: 0px; text-decoration-line: none; color: rgb(28, 31, 33);\">scoped</a>&nbsp;属性时，它的 CSS 只作用于当前组件中的元素。</p><p style=\"margin-top: 0px; margin-bottom: 0px; padding: 0px; color: rgb(28, 31, 33); font-family: &quot;PingFang SC&quot;, 微软雅黑, &quot;Microsoft YaHei&quot;, Helvetica, &quot;Helvetica Neue&quot;, Tahoma, Arial, sans-serif; font-size: 14px; white-space: normal; background-color: rgb(248, 250, 252);\">它会为组件中所有的标签和class样式添加一个<code style=\"margin: 0px; padding: 0px;\">scoped</code>标识，就像上面结果中的<code style=\"margin: 0px; padding: 0px;\">data-v-1b971ada</code>。</p><p style=\"margin-top: 0px; margin-bottom: 0px; padding: 0px; color: rgb(28, 31, 33); font-family: &quot;PingFang SC&quot;, 微软雅黑, &quot;Microsoft YaHei&quot;, Helvetica, &quot;Helvetica Neue&quot;, Tahoma, Arial, sans-serif; font-size: 14px; white-space: normal; background-color: rgb(248, 250, 252);\">所以原因就很清楚了：因为动态添加的dom没有<code style=\"margin: 0px; padding: 0px;\">scoped</code>添加的标识，没有跟<code style=\"margin: 0px; padding: 0px;\">testAdd</code>的样式匹配起来，导致样式失效。</p><p style=\"margin-top: 0px; margin-bottom: 0px; padding: 0px; color: rgb(28, 31, 33); font-family: &quot;PingFang SC&quot;, 微软雅黑, &quot;Microsoft YaHei&quot;, Helvetica, &quot;Helvetica Neue&quot;, Tahoma, Arial, sans-serif; font-size: 14px; white-space: normal; background-color: rgb(248, 250, 252);\">解决方式</p><ul style=\"list-style-type: none;\" class=\" list-paddingleft-2\"><li><p>推荐：去掉该组件的scoped</p></li></ul><p style=\"margin-top: 0px; margin-bottom: 0px; padding: 0px; color: rgb(28, 31, 33); font-family: &quot;PingFang SC&quot;, 微软雅黑, &quot;Microsoft YaHei&quot;, Helvetica, &quot;Helvetica Neue&quot;, Tahoma, Arial, sans-serif; font-size: 14px; white-space: normal; background-color: rgb(248, 250, 252);\">每个组件的css并不会很多，当设计到动态添加dom，并为dom添加样式的时候，就可以去掉scoped，会比下面的方法方便很多。</p><ul style=\"list-style-type: none;\" class=\" list-paddingleft-2\"><li><p style=\"margin-top: 0px; margin-bottom: 0px; padding: 0px;\">可以动态添加style</p><pre style=\"margin-top: 0px; margin-bottom: 0px; padding: 0px;\">//&nbsp;上面的栗子可以这样添加样式\r\nnewDom.style.height=&#39;100px&#39;;\r\nnewDom.style.width=&#39;100px&#39;;\r\nnewDom.style.background=&#39;red&#39;;</pre><hr/></li></ul><h3 style=\"margin: 0px; padding: 0px; font-size: 16px; font-weight: 400; line-height: 32px; color: rgb(28, 31, 33); font-family: &quot;PingFang SC&quot;, 微软雅黑, &quot;Microsoft YaHei&quot;, Helvetica, &quot;Helvetica Neue&quot;, Tahoma, Arial, sans-serif; white-space: normal; background-color: rgb(248, 250, 252);\">Vue 数组/对象更新 视图不更新</h3><p style=\"margin-top: 0px; margin-bottom: 0px; padding: 0px; color: rgb(28, 31, 33); font-family: &quot;PingFang SC&quot;, 微软雅黑, &quot;Microsoft YaHei&quot;, Helvetica, &quot;Helvetica Neue&quot;, Tahoma, Arial, sans-serif; font-size: 14px; white-space: normal; background-color: rgb(248, 250, 252);\">很多时候，我们习惯于这样操作数组和对象:</p><pre style=\"margin-top: 0px; margin-bottom: 0px; padding: 0px; color: rgb(28, 31, 33); font-size: 14px; background-color: rgb(248, 250, 252);\">&nbsp;&nbsp;&nbsp;&nbsp;&nbsp;data()&nbsp;{&nbsp;//&nbsp;data数据\r\n&nbsp;&nbsp;&nbsp;&nbsp;&nbsp;&nbsp;&nbsp;&nbsp;return&nbsp;{\r\n&nbsp;&nbsp;&nbsp;&nbsp;&nbsp;&nbsp;&nbsp;&nbsp;&nbsp;&nbsp;arr:&nbsp;[1,2,3],\r\n&nbsp;&nbsp;&nbsp;&nbsp;&nbsp;&nbsp;&nbsp;&nbsp;&nbsp;&nbsp;obj:{\r\n&nbsp;&nbsp;&nbsp;&nbsp;&nbsp;&nbsp;&nbsp;&nbsp;&nbsp;&nbsp;&nbsp;&nbsp;&nbsp;&nbsp;a:&nbsp;1,\r\n&nbsp;&nbsp;&nbsp;&nbsp;&nbsp;&nbsp;&nbsp;&nbsp;&nbsp;&nbsp;&nbsp;&nbsp;&nbsp;&nbsp;b:&nbsp;2\r\n&nbsp;&nbsp;&nbsp;&nbsp;&nbsp;&nbsp;&nbsp;&nbsp;&nbsp;&nbsp;}\r\n&nbsp;&nbsp;&nbsp;&nbsp;&nbsp;&nbsp;&nbsp;&nbsp;};\r\n&nbsp;&nbsp;&nbsp;&nbsp;&nbsp;&nbsp;},\r\n&nbsp;&nbsp;&nbsp;//&nbsp;数据更新&nbsp;数组视图不更新\r\n&nbsp;&nbsp;&nbsp;&nbsp;this.arr[0]&nbsp;=&nbsp;&#39;OBKoro1&#39;;\r\n&nbsp;&nbsp;&nbsp;&nbsp;this.arr.length&nbsp;=&nbsp;1;\r\n&nbsp;&nbsp;&nbsp;&nbsp;console.log(arr);//&nbsp;[&#39;OBKoro1&#39;];\r\n&nbsp;&nbsp;&nbsp;&nbsp;//&nbsp;数据更新&nbsp;对象视图不更新\r\n&nbsp;&nbsp;&nbsp;&nbsp;this.obj.c&nbsp;=&nbsp;&#39;OBKoro1&#39;;\r\n&nbsp;&nbsp;&nbsp;&nbsp;delete&nbsp;this.obj.a;\r\n&nbsp;&nbsp;&nbsp;&nbsp;console.log(obj);&nbsp;&nbsp;//&nbsp;{b:2,c:&#39;OBKoro1&#39;}</pre><p style=\"margin-top: 0px; margin-bottom: 0px; padding: 0px; color: rgb(28, 31, 33); font-family: &quot;PingFang SC&quot;, 微软雅黑, &quot;Microsoft YaHei&quot;, Helvetica, &quot;Helvetica Neue&quot;, Tahoma, Arial, sans-serif; font-size: 14px; white-space: normal; background-color: rgb(248, 250, 252);\">由于js的限制，Vue 不能检测以上数组的变动，以及对象的添加/删除，很多人会因为像上面这样操作，出现视图没有更新的问题。</p><p style=\"margin-top: 0px; margin-bottom: 0px; padding: 0px; color: rgb(28, 31, 33); font-family: &quot;PingFang SC&quot;, 微软雅黑, &quot;Microsoft YaHei&quot;, Helvetica, &quot;Helvetica Neue&quot;, Tahoma, Arial, sans-serif; font-size: 14px; white-space: normal; background-color: rgb(248, 250, 252);\">解决方式:</p><ol style=\"list-style-type: none;\" class=\" list-paddingleft-2\"><li><p style=\"margin-top: 0px; margin-bottom: 0px; padding: 0px;\">this.$set(你要改变的数组/对象，你要改变的位置/key，你要改成什么value)</p><pre style=\"margin-top: 0px; margin-bottom: 0px; padding: 0px;\">this.$set(this.arr,&nbsp;0,&nbsp;&quot;OBKoro1&quot;);&nbsp;//&nbsp;改变数组\r\nthis.$set(this.obj,&nbsp;&quot;c&quot;,&nbsp;&quot;OBKoro1&quot;);&nbsp;//&nbsp;改变对象</pre></li></ol><p style=\"margin-top: 0px; margin-bottom: 0px; padding: 0px; color: rgb(28, 31, 33); font-family: &quot;PingFang SC&quot;, 微软雅黑, &quot;Microsoft YaHei&quot;, Helvetica, &quot;Helvetica Neue&quot;, Tahoma, Arial, sans-serif; font-size: 14px; white-space: normal; background-color: rgb(248, 250, 252);\">如果还是不懂的话，可以看看这个codepen<a href=\"https://codepen.io/OBKoro1/pen/oyjdbZ\" target=\"_blank\" style=\"outline: 0px; text-decoration-line: none; color: rgb(28, 31, 33);\">demo</a>。</p><ol style=\"list-style-type: none;\" class=\" list-paddingleft-2\"><li><p>数组原生方法触发视图更新:</p></li></ol><p style=\"margin-top: 0px; margin-bottom: 0px; padding: 0px; color: rgb(28, 31, 33); font-family: &quot;PingFang SC&quot;, 微软雅黑, &quot;Microsoft YaHei&quot;, Helvetica, &quot;Helvetica Neue&quot;, Tahoma, Arial, sans-serif; font-size: 14px; white-space: normal; background-color: rgb(248, 250, 252);\">Vue可以监测到数组变化的，数组原生方法:</p><pre style=\"margin-top: 0px; margin-bottom: 0px; padding: 0px; color: rgb(28, 31, 33); font-size: 14px; background-color: rgb(248, 250, 252);\">&nbsp;&nbsp;&nbsp;&nbsp;splice()、&nbsp;push()、pop()、shift()、unshift()、sort()、reverse()</pre><p style=\"margin-top: 0px; margin-bottom: 0px; padding: 0px; color: rgb(28, 31, 33); font-family: &quot;PingFang SC&quot;, 微软雅黑, &quot;Microsoft YaHei&quot;, Helvetica, &quot;Helvetica Neue&quot;, Tahoma, Arial, sans-serif; font-size: 14px; white-space: normal; background-color: rgb(248, 250, 252);\">意思是使用这些方法不用我们再进行额外的操作，视图自动进行更新。</p><p style=\"margin-top: 0px; margin-bottom: 0px; padding: 0px; color: rgb(28, 31, 33); font-family: &quot;PingFang SC&quot;, 微软雅黑, &quot;Microsoft YaHei&quot;, Helvetica, &quot;Helvetica Neue&quot;, Tahoma, Arial, sans-serif; font-size: 14px; white-space: normal; background-color: rgb(248, 250, 252);\">推荐使用<code style=\"margin: 0px; padding: 0px;\">splice</code>方法会比较好自定义,因为slice可以在数组的任何位置进行删除/添加操作，这部分可以看看我前几天写的一篇文章:<a href=\"https://juejin.im/post/5b0903b26fb9a07a9d70c7e0?utm_source=gold_browser_extension#heading-7\" target=\"_blank\" style=\"outline: 0px; text-decoration-line: none; color: rgb(28, 31, 33);\">【干货】js 数组详细操作方法及解析合集</a></p><ol style=\"list-style-type: none;\" class=\" list-paddingleft-2\"><li><p>替换数组/对象</p></li></ol><p style=\"margin-top: 0px; margin-bottom: 0px; padding: 0px; color: rgb(28, 31, 33); font-family: &quot;PingFang SC&quot;, 微软雅黑, &quot;Microsoft YaHei&quot;, Helvetica, &quot;Helvetica Neue&quot;, Tahoma, Arial, sans-serif; font-size: 14px; white-space: normal; background-color: rgb(248, 250, 252);\">比方说:你想遍历这个数组/对象，对每个元素进行处理，然后触发视图更新。</p><pre style=\"margin-top: 0px; margin-bottom: 0px; padding: 0px; color: rgb(28, 31, 33); font-size: 14px; background-color: rgb(248, 250, 252);\">&nbsp;&nbsp;&nbsp;//&nbsp;文档中的栗子:&nbsp;filter遍历数组，返回一个新数组，用新数组替换旧数组\r\n&nbsp;&nbsp;&nbsp;&nbsp;example1.items&nbsp;=&nbsp;example1.items.filter(function&nbsp;(item)&nbsp;{\r\n&nbsp;&nbsp;&nbsp;&nbsp;&nbsp;&nbsp;return&nbsp;item.message.match(/Foo/)\r\n&nbsp;&nbsp;&nbsp;&nbsp;})</pre><p style=\"margin-top: 0px; margin-bottom: 0px; padding: 0px; color: rgb(28, 31, 33); font-family: &quot;PingFang SC&quot;, 微软雅黑, &quot;Microsoft YaHei&quot;, Helvetica, &quot;Helvetica Neue&quot;, Tahoma, Arial, sans-serif; font-size: 14px; white-space: normal; background-color: rgb(248, 250, 252);\">举一反三：可以先把这个数组/对象保存在一个变量中，然后对这个变量进行遍历，等遍历结束后再用变量替换对象/数组。</p><p style=\"margin-top: 0px; margin-bottom: 0px; padding: 0px; color: rgb(28, 31, 33); font-family: &quot;PingFang SC&quot;, 微软雅黑, &quot;Microsoft YaHei&quot;, Helvetica, &quot;Helvetica Neue&quot;, Tahoma, Arial, sans-serif; font-size: 14px; white-space: normal; background-color: rgb(248, 250, 252);\">并不会重新渲染整个列表:</p><p style=\"margin-top: 0px; margin-bottom: 0px; padding: 0px; color: rgb(28, 31, 33); font-family: &quot;PingFang SC&quot;, 微软雅黑, &quot;Microsoft YaHei&quot;, Helvetica, &quot;Helvetica Neue&quot;, Tahoma, Arial, sans-serif; font-size: 14px; white-space: normal; background-color: rgb(248, 250, 252);\">Vue 为了使得 DOM 元素得到最大范围的重用而实现了一些智能的、启发式的方法，所以用一个含有相同元素的数组去替换原来的数组是非常高效的操作。</p><p style=\"margin-top: 0px; margin-bottom: 0px; padding: 0px; color: rgb(28, 31, 33); font-family: &quot;PingFang SC&quot;, 微软雅黑, &quot;Microsoft YaHei&quot;, Helvetica, &quot;Helvetica Neue&quot;, Tahoma, Arial, sans-serif; font-size: 14px; white-space: normal; background-color: rgb(248, 250, 252);\">如果你还是很困惑，可以看看<a href=\"https://cn.vuejs.org/v2/guide/list.html#%E6%95%B0%E7%BB%84%E6%9B%B4%E6%96%B0%E6%A3%80%E6%B5%8B\" target=\"_blank\" style=\"outline: 0px; text-decoration-line: none; color: rgb(28, 31, 33);\">Vue文档</a>中关于这部分的解释。</p><hr/><h3 style=\"margin: 0px; padding: 0px; font-size: 16px; font-weight: 400; line-height: 32px; color: rgb(28, 31, 33); font-family: &quot;PingFang SC&quot;, 微软雅黑, &quot;Microsoft YaHei&quot;, Helvetica, &quot;Helvetica Neue&quot;, Tahoma, Arial, sans-serif; white-space: normal; background-color: rgb(248, 250, 252);\">vue filters 过滤器的使用:</h3><p style=\"margin-top: 0px; margin-bottom: 0px; padding: 0px; color: rgb(28, 31, 33); font-family: &quot;PingFang SC&quot;, 微软雅黑, &quot;Microsoft YaHei&quot;, Helvetica, &quot;Helvetica Neue&quot;, Tahoma, Arial, sans-serif; font-size: 14px; white-space: normal; background-color: rgb(248, 250, 252);\">过滤器，通常用于后台管理系统，或者一些约定类型，过滤。Vue过滤器用法是很简单，但是很多朋友可能都没有用过，这里稍微讲解一下。</p><p style=\"margin-top: 0px; margin-bottom: 0px; padding: 0px; color: rgb(28, 31, 33); font-family: &quot;PingFang SC&quot;, 微软雅黑, &quot;Microsoft YaHei&quot;, Helvetica, &quot;Helvetica Neue&quot;, Tahoma, Arial, sans-serif; font-size: 14px; white-space: normal; background-color: rgb(248, 250, 252);\">在html模板中的两种用法：</p><pre style=\"margin-top: 0px; margin-bottom: 0px; padding: 0px; color: rgb(28, 31, 33); font-size: 14px; background-color: rgb(248, 250, 252);\">&nbsp;&nbsp;&nbsp;&nbsp;&lt;!--&nbsp;在双花括号中&nbsp;--&gt;\r\n&nbsp;&nbsp;&nbsp;&nbsp;{{&nbsp;message&nbsp;|&nbsp;filterTest&nbsp;}}\r\n&nbsp;&nbsp;&nbsp;&nbsp;&lt;!--&nbsp;在&nbsp;`v-bind`&nbsp;中&nbsp;--&gt;\r\n&nbsp;&nbsp;&nbsp;&nbsp;&lt;div&nbsp;:id=&quot;message&nbsp;|&nbsp;filterTest&quot;&gt;&lt;/div&gt;</pre><p style=\"margin-top: 0px; margin-bottom: 0px; padding: 0px; color: rgb(28, 31, 33); font-family: &quot;PingFang SC&quot;, 微软雅黑, &quot;Microsoft YaHei&quot;, Helvetica, &quot;Helvetica Neue&quot;, Tahoma, Arial, sans-serif; font-size: 14px; white-space: normal; background-color: rgb(248, 250, 252);\">在组件<code style=\"margin: 0px; padding: 0px;\">script</code>中的用法:</p><pre style=\"margin-top: 0px; margin-bottom: 0px; padding: 0px; color: rgb(28, 31, 33); font-size: 14px; background-color: rgb(248, 250, 252);\">export&nbsp;default&nbsp;{&nbsp;&nbsp;&nbsp;&nbsp;\r\n&nbsp;&nbsp;&nbsp;&nbsp;&nbsp;data()&nbsp;{\r\n&nbsp;&nbsp;&nbsp;&nbsp;&nbsp;&nbsp;&nbsp;&nbsp;return&nbsp;{\r\n&nbsp;&nbsp;&nbsp;&nbsp;&nbsp;&nbsp;&nbsp;&nbsp;&nbsp;message:1&nbsp;&nbsp;&nbsp;\r\n&nbsp;&nbsp;&nbsp;&nbsp;&nbsp;&nbsp;&nbsp;&nbsp;}\r\n&nbsp;&nbsp;&nbsp;&nbsp;&nbsp;},\r\n&nbsp;&nbsp;&nbsp;&nbsp;filters:&nbsp;{&nbsp;&nbsp;\r\n&nbsp;&nbsp;&nbsp;&nbsp;&nbsp;&nbsp;&nbsp;&nbsp;filterTest(value)&nbsp;{\r\n&nbsp;&nbsp;&nbsp;&nbsp;&nbsp;&nbsp;&nbsp;&nbsp;&nbsp;&nbsp;&nbsp;&nbsp;//&nbsp;value在这里是message的值\r\n&nbsp;&nbsp;&nbsp;&nbsp;&nbsp;&nbsp;&nbsp;&nbsp;&nbsp;&nbsp;&nbsp;&nbsp;if(value===1){\r\n&nbsp;&nbsp;&nbsp;&nbsp;&nbsp;&nbsp;&nbsp;&nbsp;&nbsp;&nbsp;&nbsp;&nbsp;&nbsp;&nbsp;&nbsp;&nbsp;return&nbsp;&#39;最后输出这个值&#39;;\r\n&nbsp;&nbsp;&nbsp;&nbsp;&nbsp;&nbsp;&nbsp;&nbsp;&nbsp;&nbsp;&nbsp;&nbsp;}\r\n&nbsp;&nbsp;&nbsp;&nbsp;&nbsp;&nbsp;&nbsp;&nbsp;}\r\n&nbsp;&nbsp;&nbsp;&nbsp;}\r\n}</pre><p style=\"margin-top: 0px; margin-bottom: 0px; padding: 0px; color: rgb(28, 31, 33); font-family: &quot;PingFang SC&quot;, 微软雅黑, &quot;Microsoft YaHei&quot;, Helvetica, &quot;Helvetica Neue&quot;, Tahoma, Arial, sans-serif; font-size: 14px; white-space: normal; background-color: rgb(248, 250, 252);\">用法就是上面讲的这样，可以自己在组件中试一试就知道了，很简单很好用的。</p><p style=\"margin-top: 0px; margin-bottom: 0px; padding: 0px; color: rgb(28, 31, 33); font-family: &quot;PingFang SC&quot;, 微软雅黑, &quot;Microsoft YaHei&quot;, Helvetica, &quot;Helvetica Neue&quot;, Tahoma, Arial, sans-serif; font-size: 14px; white-space: normal; background-color: rgb(248, 250, 252);\">如果不想自己试，可以点这个<a href=\"https://codepen.io/OBKoro1/pen/rKxBMw\" target=\"_blank\" style=\"outline: 0px; text-decoration-line: none; color: rgb(28, 31, 33);\">demo</a>里面修改代码就可以了，demo中包括过滤器串联、过滤器传参。</p><p style=\"margin-top: 0px; margin-bottom: 0px; padding: 0px; color: rgb(28, 31, 33); font-family: &quot;PingFang SC&quot;, 微软雅黑, &quot;Microsoft YaHei&quot;, Helvetica, &quot;Helvetica Neue&quot;, Tahoma, Arial, sans-serif; font-size: 14px; white-space: normal; background-color: rgb(248, 250, 252);\">推荐看Vue<a href=\"https://cn.vuejs.org/v2/guide/filters.html\" target=\"_blank\" style=\"outline: 0px; text-decoration-line: none; color: rgb(28, 31, 33);\">过滤器</a>文档，你会更了解它的。</p><hr/><h3 style=\"margin: 0px; padding: 0px; font-size: 16px; font-weight: 400; line-height: 32px; color: rgb(28, 31, 33); font-family: &quot;PingFang SC&quot;, 微软雅黑, &quot;Microsoft YaHei&quot;, Helvetica, &quot;Helvetica Neue&quot;, Tahoma, Arial, sans-serif; white-space: normal; background-color: rgb(248, 250, 252);\">列表渲染相关</h3><p style=\"margin-top: 0px; margin-bottom: 0px; padding: 0px; color: rgb(28, 31, 33); font-family: &quot;PingFang SC&quot;, 微软雅黑, &quot;Microsoft YaHei&quot;, Helvetica, &quot;Helvetica Neue&quot;, Tahoma, Arial, sans-serif; font-size: 14px; white-space: normal; background-color: rgb(248, 250, 252);\">v-for循环绑定model:</p><p style=\"margin-top: 0px; margin-bottom: 0px; padding: 0px; color: rgb(28, 31, 33); font-family: &quot;PingFang SC&quot;, 微软雅黑, &quot;Microsoft YaHei&quot;, Helvetica, &quot;Helvetica Neue&quot;, Tahoma, Arial, sans-serif; font-size: 14px; white-space: normal; background-color: rgb(248, 250, 252);\">input在v-for中可以像如下这么进行绑定，我敢打赌很多人不知道。</p><pre style=\"margin-top: 0px; margin-bottom: 0px; padding: 0px; color: rgb(28, 31, 33); font-size: 14px; background-color: rgb(248, 250, 252);\">&nbsp;&nbsp;&nbsp;&nbsp;//&nbsp;数据&nbsp;&nbsp;&nbsp;&nbsp;\r\n&nbsp;&nbsp;&nbsp;&nbsp;&nbsp;&nbsp;data()&nbsp;{\r\n&nbsp;&nbsp;&nbsp;&nbsp;&nbsp;&nbsp;&nbsp;&nbsp;&nbsp;&nbsp;return{\r\n&nbsp;&nbsp;&nbsp;&nbsp;&nbsp;&nbsp;&nbsp;&nbsp;&nbsp;&nbsp;&nbsp;obj:&nbsp;{\r\n&nbsp;&nbsp;&nbsp;&nbsp;&nbsp;&nbsp;&nbsp;&nbsp;&nbsp;&nbsp;&nbsp;&nbsp;&nbsp;&nbsp;ob:&nbsp;&quot;OB&quot;,\r\n&nbsp;&nbsp;&nbsp;&nbsp;&nbsp;&nbsp;&nbsp;&nbsp;&nbsp;&nbsp;&nbsp;&nbsp;&nbsp;&nbsp;koro1:&nbsp;&quot;Koro1&quot;\r\n&nbsp;&nbsp;&nbsp;&nbsp;&nbsp;&nbsp;&nbsp;&nbsp;&nbsp;&nbsp;&nbsp;&nbsp;},\r\n&nbsp;&nbsp;&nbsp;&nbsp;&nbsp;&nbsp;&nbsp;&nbsp;&nbsp;&nbsp;&nbsp;&nbsp;model:&nbsp;{\r\n&nbsp;&nbsp;&nbsp;&nbsp;&nbsp;&nbsp;&nbsp;&nbsp;&nbsp;&nbsp;&nbsp;&nbsp;&nbsp;&nbsp;ob:&nbsp;&quot;默认ob&quot;,\r\n&nbsp;&nbsp;&nbsp;&nbsp;&nbsp;&nbsp;&nbsp;&nbsp;&nbsp;&nbsp;&nbsp;&nbsp;&nbsp;&nbsp;koro1:&nbsp;&quot;默认koro1&quot;\r\n&nbsp;&nbsp;&nbsp;&nbsp;&nbsp;&nbsp;&nbsp;&nbsp;&nbsp;&nbsp;&nbsp;&nbsp;}&nbsp;&nbsp;&nbsp;\r\n&nbsp;&nbsp;&nbsp;&nbsp;&nbsp;&nbsp;&nbsp;&nbsp;&nbsp;&nbsp;}\r\n&nbsp;&nbsp;&nbsp;&nbsp;&nbsp;&nbsp;},\r\n&nbsp;&nbsp;&nbsp;&nbsp;//&nbsp;html模板\r\n&nbsp;&nbsp;&nbsp;&nbsp;&lt;div&nbsp;v-for=&quot;(value,key)&nbsp;in&nbsp;obj&quot;&gt;\r\n&nbsp;&nbsp;&nbsp;&nbsp;&nbsp;&nbsp;&nbsp;&lt;input&nbsp;type=&quot;text&quot;&nbsp;v-model=&quot;model[key]&quot;&gt;\r\n&nbsp;&nbsp;&nbsp;&nbsp;&lt;/div&gt;\r\n&nbsp;&nbsp;&nbsp;&nbsp;&nbsp;&nbsp;//&nbsp;input就跟数据绑定在一起了，那两个默认数据也会在input中显示</pre><p style=\"margin-top: 0px; margin-bottom: 0px; padding: 0px; color: rgb(28, 31, 33); font-family: &quot;PingFang SC&quot;, 微软雅黑, &quot;Microsoft YaHei&quot;, Helvetica, &quot;Helvetica Neue&quot;, Tahoma, Arial, sans-serif; font-size: 14px; white-space: normal; background-color: rgb(248, 250, 252);\">为此，我做了个<a href=\"https://codepen.io/OBKoro1/pen/gKPOgw\" target=\"_blank\" style=\"outline: 0px; text-decoration-line: none; color: rgb(28, 31, 33);\">demo</a>,你可以点进去试试。</p><p style=\"margin-top: 0px; margin-bottom: 0px; padding: 0px; color: rgb(28, 31, 33); font-family: &quot;PingFang SC&quot;, 微软雅黑, &quot;Microsoft YaHei&quot;, Helvetica, &quot;Helvetica Neue&quot;, Tahoma, Arial, sans-serif; font-size: 14px; white-space: normal; background-color: rgb(248, 250, 252);\">一段取值的v-for</p><p style=\"margin-top: 0px; margin-bottom: 0px; padding: 0px; color: rgb(28, 31, 33); font-family: &quot;PingFang SC&quot;, 微软雅黑, &quot;Microsoft YaHei&quot;, Helvetica, &quot;Helvetica Neue&quot;, Tahoma, Arial, sans-serif; font-size: 14px; white-space: normal; background-color: rgb(248, 250, 252);\">如果我们有一段重复的html模板要渲染，又没有数据关联，我们可以:</p><pre style=\"margin-top: 0px; margin-bottom: 0px; padding: 0px; color: rgb(28, 31, 33); font-size: 14px; background-color: rgb(248, 250, 252);\">&nbsp;&nbsp;&nbsp;&nbsp;&lt;div&nbsp;v-for=&quot;n&nbsp;in&nbsp;5&quot;&gt;\r\n&nbsp;&nbsp;&nbsp;&nbsp;&nbsp;&nbsp;&nbsp;&nbsp;&lt;span&gt;这里会被渲染5次，渲染模板{{n}}&lt;/span&gt;\r\n&nbsp;&nbsp;&nbsp;&nbsp;&nbsp;&lt;/div&gt;</pre><p style=\"margin-top: 0px; margin-bottom: 0px; padding: 0px; color: rgb(28, 31, 33); font-family: &quot;PingFang SC&quot;, 微软雅黑, &quot;Microsoft YaHei&quot;, Helvetica, &quot;Helvetica Neue&quot;, Tahoma, Arial, sans-serif; font-size: 14px; white-space: normal; background-color: rgb(248, 250, 252);\">v-if尽量不要与v-for在同一节点使用:</p><p style=\"margin-top: 0px; margin-bottom: 0px; padding: 0px; color: rgb(28, 31, 33); font-family: &quot;PingFang SC&quot;, 微软雅黑, &quot;Microsoft YaHei&quot;, Helvetica, &quot;Helvetica Neue&quot;, Tahoma, Arial, sans-serif; font-size: 14px; white-space: normal; background-color: rgb(248, 250, 252);\">v-for 的优先级比 v-if 更高,如果它们处于同一节点的话，那么每一个循环都会运行一遍v-if。</p><p style=\"margin-top: 0px; margin-bottom: 0px; padding: 0px; color: rgb(28, 31, 33); font-family: &quot;PingFang SC&quot;, 微软雅黑, &quot;Microsoft YaHei&quot;, Helvetica, &quot;Helvetica Neue&quot;, Tahoma, Arial, sans-serif; font-size: 14px; white-space: normal; background-color: rgb(248, 250, 252);\">如果你想根据循环中的每一项的数据来判断是否渲染，那么你这样做是对的:</p><pre style=\"margin-top: 0px; margin-bottom: 0px; padding: 0px; color: rgb(28, 31, 33); font-size: 14px; background-color: rgb(248, 250, 252);\">&nbsp;&nbsp;&nbsp;&nbsp;&lt;li&nbsp;v-for=&quot;todo&nbsp;in&nbsp;todos&quot;&nbsp;v-if=&quot;todo.type===1&quot;&gt;\r\n&nbsp;&nbsp;&nbsp;&nbsp;&nbsp;&nbsp;{{&nbsp;todo&nbsp;}}\r\n&nbsp;&nbsp;&nbsp;&nbsp;&lt;/li&gt;</pre><p style=\"margin-top: 0px; margin-bottom: 0px; padding: 0px; color: rgb(28, 31, 33); font-family: &quot;PingFang SC&quot;, 微软雅黑, &quot;Microsoft YaHei&quot;, Helvetica, &quot;Helvetica Neue&quot;, Tahoma, Arial, sans-serif; font-size: 14px; white-space: normal; background-color: rgb(248, 250, 252);\">如果你想要根据某些条件跳过循环，而又跟将要渲染的每一项数据没有关系的话，你可以将v-if放在v-for的父节点：</p><pre style=\"margin-top: 0px; margin-bottom: 0px; padding: 0px; color: rgb(28, 31, 33); font-size: 14px; background-color: rgb(248, 250, 252);\">&nbsp;&nbsp;&nbsp;&nbsp;//&nbsp;根据elseData是否为true&nbsp;来判断是否渲染，跟每个元素没有关系&nbsp;&nbsp;&nbsp;&nbsp;\r\n&nbsp;&nbsp;&nbsp;&nbsp;&nbsp;&lt;ul&nbsp;v-if=&quot;elseData&quot;&gt;\r\n&nbsp;&nbsp;&nbsp;&nbsp;&nbsp;&nbsp;&lt;li&nbsp;v-for=&quot;todo&nbsp;in&nbsp;todos&quot;&gt;\r\n&nbsp;&nbsp;&nbsp;&nbsp;&nbsp;&nbsp;&nbsp;&nbsp;{{&nbsp;todo&nbsp;}}\r\n&nbsp;&nbsp;&nbsp;&nbsp;&nbsp;&nbsp;&lt;/li&gt;\r\n&nbsp;&nbsp;&nbsp;&nbsp;&lt;/ul&gt;\r\n&nbsp;&nbsp;&nbsp;&nbsp;//&nbsp;数组是否有数据&nbsp;跟每个元素没有关系\r\n&nbsp;&nbsp;&nbsp;&nbsp;&lt;ul&nbsp;v-if=&quot;todos.length&quot;&gt;\r\n&nbsp;&nbsp;&nbsp;&nbsp;&nbsp;&nbsp;&lt;li&nbsp;v-for=&quot;todo&nbsp;in&nbsp;todos&quot;&gt;\r\n&nbsp;&nbsp;&nbsp;&nbsp;&nbsp;&nbsp;&nbsp;&nbsp;{{&nbsp;todo&nbsp;}}\r\n&nbsp;&nbsp;&nbsp;&nbsp;&nbsp;&nbsp;&lt;/li&gt;\r\n&nbsp;&nbsp;&nbsp;&nbsp;&lt;/ul&gt;\r\n&nbsp;&nbsp;&nbsp;&nbsp;&lt;p&nbsp;v-else&gt;No&nbsp;todos&nbsp;left!&lt;/p&gt;</pre><p style=\"margin-top: 0px; margin-bottom: 0px; padding: 0px; color: rgb(28, 31, 33); font-family: &quot;PingFang SC&quot;, 微软雅黑, &quot;Microsoft YaHei&quot;, Helvetica, &quot;Helvetica Neue&quot;, Tahoma, Arial, sans-serif; font-size: 14px; white-space: normal; background-color: rgb(248, 250, 252);\">如上，正确使用v-for与v-if优先级的关系，可以为你节省大量的性能。</p><hr/><h3 style=\"margin: 0px; padding: 0px; font-size: 16px; font-weight: 400; line-height: 32px; color: rgb(28, 31, 33); font-family: &quot;PingFang SC&quot;, 微软雅黑, &quot;Microsoft YaHei&quot;, Helvetica, &quot;Helvetica Neue&quot;, Tahoma, Arial, sans-serif; white-space: normal; background-color: rgb(248, 250, 252);\">深度watch与watch立即触发回调</h3><p style=\"margin-top: 0px; margin-bottom: 0px; padding: 0px; color: rgb(28, 31, 33); font-family: &quot;PingFang SC&quot;, 微软雅黑, &quot;Microsoft YaHei&quot;, Helvetica, &quot;Helvetica Neue&quot;, Tahoma, Arial, sans-serif; font-size: 14px; white-space: normal; background-color: rgb(248, 250, 252);\">watch很多人都在用，但是这watch中的这两个选项<code style=\"margin: 0px; padding: 0px;\">deep</code>、<code style=\"margin: 0px; padding: 0px;\">immediate</code>，或许不是很多人都知道，我猜。</p><p style=\"margin-top: 0px; margin-bottom: 0px; padding: 0px; color: rgb(28, 31, 33); font-family: &quot;PingFang SC&quot;, 微软雅黑, &quot;Microsoft YaHei&quot;, Helvetica, &quot;Helvetica Neue&quot;, Tahoma, Arial, sans-serif; font-size: 14px; white-space: normal; background-color: rgb(248, 250, 252);\">选项：deep</p><p style=\"margin-top: 0px; margin-bottom: 0px; padding: 0px; color: rgb(28, 31, 33); font-family: &quot;PingFang SC&quot;, 微软雅黑, &quot;Microsoft YaHei&quot;, Helvetica, &quot;Helvetica Neue&quot;, Tahoma, Arial, sans-serif; font-size: 14px; white-space: normal; background-color: rgb(248, 250, 252);\">在选项参数中指定&nbsp;<code style=\"margin: 0px; padding: 0px;\">deep: true</code>，可以监听对象中属性的变化。</p><p style=\"margin-top: 0px; margin-bottom: 0px; padding: 0px; color: rgb(28, 31, 33); font-family: &quot;PingFang SC&quot;, 微软雅黑, &quot;Microsoft YaHei&quot;, Helvetica, &quot;Helvetica Neue&quot;, Tahoma, Arial, sans-serif; font-size: 14px; white-space: normal; background-color: rgb(248, 250, 252);\">选项：immediate</p><p style=\"margin-top: 0px; margin-bottom: 0px; padding: 0px; color: rgb(28, 31, 33); font-family: &quot;PingFang SC&quot;, 微软雅黑, &quot;Microsoft YaHei&quot;, Helvetica, &quot;Helvetica Neue&quot;, Tahoma, Arial, sans-serif; font-size: 14px; white-space: normal; background-color: rgb(248, 250, 252);\">在选项参数中指定 immediate: true, 将立即以表达式的当前值触发回调，也就是默认触发一次。</p><pre style=\"margin-top: 0px; margin-bottom: 0px; padding: 0px; color: rgb(28, 31, 33); font-size: 14px; background-color: rgb(248, 250, 252);\">&nbsp;&nbsp;&nbsp;&nbsp;watch:&nbsp;{\r\n&nbsp;&nbsp;&nbsp;&nbsp;&nbsp;&nbsp;&nbsp;&nbsp;obj:&nbsp;{\r\n&nbsp;&nbsp;&nbsp;&nbsp;&nbsp;&nbsp;&nbsp;&nbsp;&nbsp;&nbsp;handler(val,&nbsp;oldVal)&nbsp;{\r\n&nbsp;&nbsp;&nbsp;&nbsp;&nbsp;&nbsp;&nbsp;&nbsp;&nbsp;&nbsp;&nbsp;&nbsp;console.log(&#39;属性发生变化触发这个回调&#39;,val,&nbsp;oldVal);\r\n&nbsp;&nbsp;&nbsp;&nbsp;&nbsp;&nbsp;&nbsp;&nbsp;&nbsp;&nbsp;},\r\n&nbsp;&nbsp;&nbsp;&nbsp;&nbsp;&nbsp;&nbsp;&nbsp;&nbsp;&nbsp;deep:&nbsp;true&nbsp;//&nbsp;监听这个对象中的每一个属性变化\r\n&nbsp;&nbsp;&nbsp;&nbsp;&nbsp;&nbsp;&nbsp;&nbsp;},\r\n&nbsp;&nbsp;&nbsp;&nbsp;&nbsp;&nbsp;&nbsp;&nbsp;step:&nbsp;{&nbsp;//&nbsp;属性\r\n&nbsp;&nbsp;&nbsp;&nbsp;&nbsp;&nbsp;&nbsp;&nbsp;&nbsp;&nbsp;//watch\r\n&nbsp;&nbsp;&nbsp;&nbsp;&nbsp;&nbsp;&nbsp;&nbsp;&nbsp;&nbsp;handler(val,&nbsp;oldVal)&nbsp;{\r\n&nbsp;&nbsp;&nbsp;&nbsp;&nbsp;&nbsp;&nbsp;&nbsp;&nbsp;&nbsp;&nbsp;&nbsp;console.log(&quot;默认触发一次&quot;,&nbsp;val,&nbsp;oldVal);\r\n&nbsp;&nbsp;&nbsp;&nbsp;&nbsp;&nbsp;&nbsp;&nbsp;&nbsp;&nbsp;},\r\n&nbsp;&nbsp;&nbsp;&nbsp;&nbsp;&nbsp;&nbsp;&nbsp;&nbsp;&nbsp;immediate:&nbsp;true&nbsp;//&nbsp;默认触发一次\r\n&nbsp;&nbsp;&nbsp;&nbsp;&nbsp;&nbsp;&nbsp;&nbsp;},\r\n&nbsp;&nbsp;&nbsp;&nbsp;&nbsp;&nbsp;},</pre><p style=\"margin-top: 0px; margin-bottom: 0px; padding: 0px; color: rgb(28, 31, 33); font-family: &quot;PingFang SC&quot;, 微软雅黑, &quot;Microsoft YaHei&quot;, Helvetica, &quot;Helvetica Neue&quot;, Tahoma, Arial, sans-serif; font-size: 14px; white-space: normal; background-color: rgb(248, 250, 252);\">这两个选项可以同时使用，另外：是的，又有一个<a href=\"https://codepen.io/OBKoro1/pen/QxyWMa\" target=\"_blank\" style=\"outline: 0px; text-decoration-line: none; color: rgb(28, 31, 33);\">demo</a>。</p><p style=\"margin-top: 0px; margin-bottom: 0px; padding: 0px; color: rgb(28, 31, 33); font-family: &quot;PingFang SC&quot;, 微软雅黑, &quot;Microsoft YaHei&quot;, Helvetica, &quot;Helvetica Neue&quot;, Tahoma, Arial, sans-serif; font-size: 14px; white-space: normal; background-color: rgb(248, 250, 252);\">还有下面这一点需要注意。</p><hr/><h3 style=\"margin: 0px; padding: 0px; font-size: 16px; font-weight: 400; line-height: 32px; color: rgb(28, 31, 33); font-family: &quot;PingFang SC&quot;, 微软雅黑, &quot;Microsoft YaHei&quot;, Helvetica, &quot;Helvetica Neue&quot;, Tahoma, Arial, sans-serif; white-space: normal; background-color: rgb(248, 250, 252);\">这些情况下不要使用箭头函数:</h3><ul style=\"list-style-type: none;\" class=\" list-paddingleft-2\"><li><p>不应该使用箭头函数来定义一个生命周期方法</p></li><li><p>不应该使用箭头函数来定义 method 函数</p></li><li><p>不应该使用箭头函数来定义计算属性函数</p></li><li><p>不应该对 data 属性使用箭头函数</p></li><li><p>不应该使用箭头函数来定义 watcher 函数</p></li></ul><p style=\"margin-top: 0px; margin-bottom: 0px; padding: 0px; color: rgb(28, 31, 33); font-family: &quot;PingFang SC&quot;, 微软雅黑, &quot;Microsoft YaHei&quot;, Helvetica, &quot;Helvetica Neue&quot;, Tahoma, Arial, sans-serif; font-size: 14px; white-space: normal; background-color: rgb(248, 250, 252);\">示例：</p><pre style=\"margin-top: 0px; margin-bottom: 0px; padding: 0px; color: rgb(28, 31, 33); font-size: 14px; background-color: rgb(248, 250, 252);\">&nbsp;&nbsp;&nbsp;&nbsp;//&nbsp;上面watch的栗子：\r\n&nbsp;&nbsp;&nbsp;&nbsp;handler:(val,&nbsp;oldVal)=&gt;&nbsp;{&nbsp;//&nbsp;可以执行\r\n&nbsp;&nbsp;&nbsp;&nbsp;&nbsp;console.log(&quot;默认触发一次&quot;,&nbsp;val,&nbsp;oldVal);\r\n&nbsp;&nbsp;&nbsp;},\r\n&nbsp;&nbsp;&nbsp;//&nbsp;method：\r\n&nbsp;&nbsp;&nbsp;&nbsp;&nbsp;methods:&nbsp;{\r\n&nbsp;&nbsp;&nbsp;&nbsp;&nbsp;&nbsp;&nbsp;&nbsp;plus:&nbsp;()&nbsp;=&gt;&nbsp;{&nbsp;//&nbsp;可以执行\r\n&nbsp;&nbsp;&nbsp;&nbsp;&nbsp;&nbsp;&nbsp;&nbsp;&nbsp;&nbsp;//&nbsp;do&nbsp;something\r\n&nbsp;&nbsp;&nbsp;&nbsp;&nbsp;&nbsp;&nbsp;&nbsp;}\r\n&nbsp;&nbsp;&nbsp;&nbsp;&nbsp;&nbsp;}\r\n&nbsp;&nbsp;&nbsp;//&nbsp;生命周期:\r\n&nbsp;&nbsp;&nbsp;&nbsp;&nbsp;created:()=&gt;{&nbsp;//&nbsp;可以执行\r\n&nbsp;&nbsp;&nbsp;&nbsp;&nbsp;&nbsp;&nbsp;console.log(&#39;lala&#39;,this.obj)&nbsp;\r\n&nbsp;&nbsp;&nbsp;&nbsp;&nbsp;&nbsp;},</pre><p style=\"margin-top: 0px; margin-bottom: 0px; padding: 0px; color: rgb(28, 31, 33); font-family: &quot;PingFang SC&quot;, 微软雅黑, &quot;Microsoft YaHei&quot;, Helvetica, &quot;Helvetica Neue&quot;, Tahoma, Arial, sans-serif; font-size: 14px; white-space: normal; background-color: rgb(248, 250, 252);\">是的，没错，这些都能执行。</p><p style=\"margin-top: 0px; margin-bottom: 0px; padding: 0px; color: rgb(28, 31, 33); font-family: &quot;PingFang SC&quot;, 微软雅黑, &quot;Microsoft YaHei&quot;, Helvetica, &quot;Helvetica Neue&quot;, Tahoma, Arial, sans-serif; font-size: 14px; white-space: normal; background-color: rgb(248, 250, 252);\">but:</p><p style=\"margin-top: 0px; margin-bottom: 0px; padding: 0px; color: rgb(28, 31, 33); font-family: &quot;PingFang SC&quot;, 微软雅黑, &quot;Microsoft YaHei&quot;, Helvetica, &quot;Helvetica Neue&quot;, Tahoma, Arial, sans-serif; font-size: 14px; white-space: normal; background-color: rgb(248, 250, 252);\">箭头函数绑定了父级作用域的上下文，this 将不会按照期望指向 Vue 实例。</p><p style=\"margin-top: 0px; margin-bottom: 0px; padding: 0px; color: rgb(28, 31, 33); font-family: &quot;PingFang SC&quot;, 微软雅黑, &quot;Microsoft YaHei&quot;, Helvetica, &quot;Helvetica Neue&quot;, Tahoma, Arial, sans-serif; font-size: 14px; white-space: normal; background-color: rgb(248, 250, 252);\">也就是说，你不能使用this来访问你组件中的data数据以及method方法了。</p><p style=\"margin-top: 0px; margin-bottom: 0px; padding: 0px; color: rgb(28, 31, 33); font-family: &quot;PingFang SC&quot;, 微软雅黑, &quot;Microsoft YaHei&quot;, Helvetica, &quot;Helvetica Neue&quot;, Tahoma, Arial, sans-serif; font-size: 14px; white-space: normal; background-color: rgb(248, 250, 252);\">this将会指向undefined。</p><hr/><h3 style=\"margin: 0px; padding: 0px; font-size: 16px; font-weight: 400; line-height: 32px; color: rgb(28, 31, 33); font-family: &quot;PingFang SC&quot;, 微软雅黑, &quot;Microsoft YaHei&quot;, Helvetica, &quot;Helvetica Neue&quot;, Tahoma, Arial, sans-serif; white-space: normal; background-color: rgb(248, 250, 252);\">路由懒加载写法:</h3><pre style=\"margin-top: 0px; margin-bottom: 0px; padding: 0px; color: rgb(28, 31, 33); font-size: 14px; background-color: rgb(248, 250, 252);\">&nbsp;&nbsp;&nbsp;&nbsp;//&nbsp;我所采用的方法，个人感觉比较简洁一些，少了一步引入赋值。\r\n&nbsp;&nbsp;&nbsp;&nbsp;const&nbsp;router&nbsp;=&nbsp;new&nbsp;VueRouter({\r\n&nbsp;&nbsp;&nbsp;&nbsp;&nbsp;&nbsp;routes:&nbsp;[\r\n&nbsp;&nbsp;&nbsp;&nbsp;&nbsp;&nbsp;&nbsp;&nbsp;path:&nbsp;&#39;/app&#39;,\r\n&nbsp;&nbsp;&nbsp;&nbsp;&nbsp;&nbsp;&nbsp;&nbsp;component:&nbsp;()&nbsp;=&gt;&nbsp;import(&#39;./app&#39;),&nbsp;&nbsp;//&nbsp;引入组件\r\n&nbsp;&nbsp;&nbsp;&nbsp;&nbsp;&nbsp;]\r\n&nbsp;&nbsp;&nbsp;&nbsp;})\r\n&nbsp;&nbsp;&nbsp;&nbsp;//&nbsp;Vue路由文档的写法:\r\n&nbsp;&nbsp;&nbsp;&nbsp;const&nbsp;app&nbsp;=&nbsp;()&nbsp;=&gt;&nbsp;import(&#39;./app.vue&#39;)&nbsp;//&nbsp;引入组件\r\n&nbsp;&nbsp;&nbsp;&nbsp;const&nbsp;router&nbsp;=&nbsp;new&nbsp;VueRouter({\r\n&nbsp;&nbsp;&nbsp;&nbsp;&nbsp;&nbsp;routes:&nbsp;[\r\n&nbsp;&nbsp;&nbsp;&nbsp;&nbsp;&nbsp;&nbsp;&nbsp;{&nbsp;path:&nbsp;&#39;/app&#39;,&nbsp;component:&nbsp;app&nbsp;}\r\n&nbsp;&nbsp;&nbsp;&nbsp;&nbsp;&nbsp;]\r\n&nbsp;&nbsp;&nbsp;&nbsp;})</pre><p style=\"margin-top: 0px; margin-bottom: 0px; padding: 0px; color: rgb(28, 31, 33); font-family: &quot;PingFang SC&quot;, 微软雅黑, &quot;Microsoft YaHei&quot;, Helvetica, &quot;Helvetica Neue&quot;, Tahoma, Arial, sans-serif; font-size: 14px; white-space: normal; background-color: rgb(248, 250, 252);\">文档的写法在于问题在于：如果我们的路由比较多的话，是不是要在路由上方引入赋值十几行组件？</p><p style=\"margin-top: 0px; margin-bottom: 0px; padding: 0px; color: rgb(28, 31, 33); font-family: &quot;PingFang SC&quot;, 微软雅黑, &quot;Microsoft YaHei&quot;, Helvetica, &quot;Helvetica Neue&quot;, Tahoma, Arial, sans-serif; font-size: 14px; white-space: normal; background-color: rgb(248, 250, 252);\">第一种跟第二种方法相比就是把引入赋值的一步，直接写在<code style=\"margin: 0px; padding: 0px;\">component</code>上面，本质上是一样的。两种方式都可以的，大家自由选择哈。</p><hr/><h3 style=\"margin: 0px; padding: 0px; font-size: 16px; font-weight: 400; line-height: 32px; color: rgb(28, 31, 33); font-family: &quot;PingFang SC&quot;, 微软雅黑, &quot;Microsoft YaHei&quot;, Helvetica, &quot;Helvetica Neue&quot;, Tahoma, Arial, sans-serif; white-space: normal; background-color: rgb(248, 250, 252);\">路由的项目启动页和404页面</h3><p style=\"margin-top: 0px; margin-bottom: 0px; padding: 0px; color: rgb(28, 31, 33); font-family: &quot;PingFang SC&quot;, 微软雅黑, &quot;Microsoft YaHei&quot;, Helvetica, &quot;Helvetica Neue&quot;, Tahoma, Arial, sans-serif; font-size: 14px; white-space: normal; background-color: rgb(248, 250, 252);\">实际上这也就是一个设置而已:</p><pre style=\"margin-top: 0px; margin-bottom: 0px; padding: 0px; color: rgb(28, 31, 33); font-size: 14px; background-color: rgb(248, 250, 252);\">&nbsp;&nbsp;&nbsp;&nbsp;export&nbsp;default&nbsp;new&nbsp;Router({\r\n&nbsp;&nbsp;&nbsp;&nbsp;&nbsp;&nbsp;routes:&nbsp;[\r\n&nbsp;&nbsp;&nbsp;&nbsp;&nbsp;&nbsp;&nbsp;&nbsp;{\r\n&nbsp;&nbsp;&nbsp;&nbsp;&nbsp;&nbsp;&nbsp;&nbsp;&nbsp;&nbsp;path:&nbsp;&#39;/&#39;,&nbsp;//&nbsp;项目启动页\r\n&nbsp;&nbsp;&nbsp;&nbsp;&nbsp;&nbsp;&nbsp;&nbsp;&nbsp;&nbsp;redirect:&#39;/login&#39;&nbsp;&nbsp;//&nbsp;重定向到下方声明的路由&nbsp;\r\n&nbsp;&nbsp;&nbsp;&nbsp;&nbsp;&nbsp;&nbsp;&nbsp;},\r\n&nbsp;&nbsp;&nbsp;&nbsp;&nbsp;&nbsp;&nbsp;&nbsp;{\r\n&nbsp;&nbsp;&nbsp;&nbsp;&nbsp;&nbsp;&nbsp;&nbsp;&nbsp;&nbsp;path:&nbsp;&#39;*&#39;,&nbsp;//&nbsp;404&nbsp;页面&nbsp;\r\n&nbsp;&nbsp;&nbsp;&nbsp;&nbsp;&nbsp;&nbsp;&nbsp;&nbsp;&nbsp;component:&nbsp;()&nbsp;=&gt;&nbsp;import(&#39;./notFind&#39;)&nbsp;//&nbsp;或者使用component也可以的\r\n&nbsp;&nbsp;&nbsp;&nbsp;&nbsp;&nbsp;&nbsp;&nbsp;},\r\n&nbsp;&nbsp;&nbsp;&nbsp;&nbsp;&nbsp;]\r\n&nbsp;&nbsp;&nbsp;&nbsp;})</pre><p style=\"margin-top: 0px; margin-bottom: 0px; padding: 0px; color: rgb(28, 31, 33); font-family: &quot;PingFang SC&quot;, 微软雅黑, &quot;Microsoft YaHei&quot;, Helvetica, &quot;Helvetica Neue&quot;, Tahoma, Arial, sans-serif; font-size: 14px; white-space: normal; background-color: rgb(248, 250, 252);\">比如你的域名为:<code style=\"margin: 0px; padding: 0px;\">www.baidu.com</code></p><p style=\"margin-top: 0px; margin-bottom: 0px; padding: 0px; color: rgb(28, 31, 33); font-family: &quot;PingFang SC&quot;, 微软雅黑, &quot;Microsoft YaHei&quot;, Helvetica, &quot;Helvetica Neue&quot;, Tahoma, Arial, sans-serif; font-size: 14px; white-space: normal; background-color: rgb(248, 250, 252);\">项目启动页指的是: 当你进入<code style=\"margin: 0px; padding: 0px;\">www.baidu.com</code>，会自动跳转到login登录页。</p><p style=\"margin-top: 0px; margin-bottom: 0px; padding: 0px; color: rgb(28, 31, 33); font-family: &quot;PingFang SC&quot;, 微软雅黑, &quot;Microsoft YaHei&quot;, Helvetica, &quot;Helvetica Neue&quot;, Tahoma, Arial, sans-serif; font-size: 14px; white-space: normal; background-color: rgb(248, 250, 252);\">404页面指的是: 当进入一个没有 声明/没有匹配 的路由页面时就会跳转到404页面。</p><p style=\"margin-top: 0px; margin-bottom: 0px; padding: 0px; color: rgb(28, 31, 33); font-family: &quot;PingFang SC&quot;, 微软雅黑, &quot;Microsoft YaHei&quot;, Helvetica, &quot;Helvetica Neue&quot;, Tahoma, Arial, sans-serif; font-size: 14px; white-space: normal; background-color: rgb(248, 250, 252);\">比如进入<code style=\"margin: 0px; padding: 0px;\">www.baidu.com/testRouter</code>,就会自动跳转到<code style=\"margin: 0px; padding: 0px;\">notFind</code>页面。</p><p style=\"margin-top: 0px; margin-bottom: 0px; padding: 0px; color: rgb(28, 31, 33); font-family: &quot;PingFang SC&quot;, 微软雅黑, &quot;Microsoft YaHei&quot;, Helvetica, &quot;Helvetica Neue&quot;, Tahoma, Arial, sans-serif; font-size: 14px; white-space: normal; background-color: rgb(248, 250, 252);\">当你没有声明一个404页面，进入<code style=\"margin: 0px; padding: 0px;\">www.baidu.com/testRouter</code>，显示的页面是一片空白。</p><hr/><h3 style=\"margin: 0px; padding: 0px; font-size: 16px; font-weight: 400; line-height: 32px; color: rgb(28, 31, 33); font-family: &quot;PingFang SC&quot;, 微软雅黑, &quot;Microsoft YaHei&quot;, Helvetica, &quot;Helvetica Neue&quot;, Tahoma, Arial, sans-serif; white-space: normal; background-color: rgb(248, 250, 252);\">Vue调试神器:vue-devtools</h3><p style=\"margin-top: 0px; margin-bottom: 0px; padding: 0px; color: rgb(28, 31, 33); font-family: &quot;PingFang SC&quot;, 微软雅黑, &quot;Microsoft YaHei&quot;, Helvetica, &quot;Helvetica Neue&quot;, Tahoma, Arial, sans-serif; font-size: 14px; white-space: normal; background-color: rgb(248, 250, 252);\">每次调试的时候，写一堆<code style=\"margin: 0px; padding: 0px;\">console</code>是否很烦？想要更快知道组件/Vuex内数据的变化？</p><p style=\"margin-top: 0px; margin-bottom: 0px; padding: 0px; color: rgb(28, 31, 33); font-family: &quot;PingFang SC&quot;, 微软雅黑, &quot;Microsoft YaHei&quot;, Helvetica, &quot;Helvetica Neue&quot;, Tahoma, Arial, sans-serif; font-size: 14px; white-space: normal; background-color: rgb(248, 250, 252);\">那么这款尤大开发的调试神器:vue-devtools，你真的要了解一下了。</p><p style=\"margin-top: 0px; margin-bottom: 0px; padding: 0px; color: rgb(28, 31, 33); font-family: &quot;PingFang SC&quot;, 微软雅黑, &quot;Microsoft YaHei&quot;, Helvetica, &quot;Helvetica Neue&quot;, Tahoma, Arial, sans-serif; font-size: 14px; white-space: normal; background-color: rgb(248, 250, 252);\">这波稳赚不赔，真的能提高开发效率。</p><p style=\"margin-top: 0px; margin-bottom: 0px; padding: 0px; color: rgb(28, 31, 33); font-family: &quot;PingFang SC&quot;, 微软雅黑, &quot;Microsoft YaHei&quot;, Helvetica, &quot;Helvetica Neue&quot;, Tahoma, Arial, sans-serif; font-size: 14px; white-space: normal; background-color: rgb(248, 250, 252);\">安装方法：</p><ul style=\"list-style-type: none;\" class=\" list-paddingleft-2\"><li><p>谷歌商店+科学上网,搜索vue-devtools即可安装。</p></li><li><p>不会科学上网？<a href=\"https://segmentfault.com/a/1190000009682735\" target=\"_blank\" style=\"outline: 0px; text-decoration-line: none; color: rgb(28, 31, 33);\">手动安装</a></p></li></ul><p style=\"margin-top: 0px; margin-bottom: 0px; padding: 0px; color: rgb(28, 31, 33); font-family: &quot;PingFang SC&quot;, 微软雅黑, &quot;Microsoft YaHei&quot;, Helvetica, &quot;Helvetica Neue&quot;, Tahoma, Arial, sans-serif; font-size: 14px; white-space: normal; background-color: rgb(248, 250, 252);\">安装之后：</p><p style=\"margin-top: 0px; margin-bottom: 0px; padding: 0px; color: rgb(28, 31, 33); font-family: &quot;PingFang SC&quot;, 微软雅黑, &quot;Microsoft YaHei&quot;, Helvetica, &quot;Helvetica Neue&quot;, Tahoma, Arial, sans-serif; font-size: 14px; white-space: normal; background-color: rgb(248, 250, 252);\">在chrome开发者工具中会看一个vue的一栏，如下对我们网页应用内数据变化，组件层级等信息能够有更准确快速的了解。</p><p style=\"margin-top: 0px; margin-bottom: 0px; padding: 0px; color: rgb(28, 31, 33); font-family: &quot;PingFang SC&quot;, 微软雅黑, &quot;Microsoft YaHei&quot;, Helvetica, &quot;Helvetica Neue&quot;, Tahoma, Arial, sans-serif; font-size: 14px; white-space: normal; background-color: rgb(248, 250, 252);\"><img title=\"你或许不知道Vue的这些小技巧_\" src=\"http://ww1.sinaimg.cn/large/005Y4rCogy1fry5f9w6r4j31h9090my4.jpg\"/></p><hr/><h3 style=\"margin: 0px; padding: 0px; font-size: 16px; font-weight: 400; line-height: 32px; color: rgb(28, 31, 33); font-family: &quot;PingFang SC&quot;, 微软雅黑, &quot;Microsoft YaHei&quot;, Helvetica, &quot;Helvetica Neue&quot;, Tahoma, Arial, sans-serif; white-space: normal; background-color: rgb(248, 250, 252);\">前几个月也写过一篇类似的:</h3><p style=\"margin-top: 0px; margin-bottom: 0px; padding: 0px; color: rgb(28, 31, 33); font-family: &quot;PingFang SC&quot;, 微软雅黑, &quot;Microsoft YaHei&quot;, Helvetica, &quot;Helvetica Neue&quot;, Tahoma, Arial, sans-serif; font-size: 14px; white-space: normal; background-color: rgb(248, 250, 252);\"><a href=\"https://juejin.im/post/5a587b46f265da3e3b7a7677\" target=\"_blank\" style=\"outline: 0px; text-decoration-line: none; color: rgb(28, 31, 33);\">Vue 实践过程中的几个问题</a></p><hr/><p><span style=\"color: rgb(28, 31, 33); font-family: &quot;PingFang SC&quot;, 微软雅黑, &quot;Microsoft YaHei&quot;, Helvetica, &quot;Helvetica Neue&quot;, Tahoma, Arial, sans-serif; background-color: rgb(248, 250, 252); display: block; font-size: 22px; margin: 22px 0px 10px;\">结语</span></p><p style=\"margin-top: 0px; margin-bottom: 0px; padding: 0px; color: rgb(28, 31, 33); font-family: &quot;PingFang SC&quot;, 微软雅黑, &quot;Microsoft YaHei&quot;, Helvetica, &quot;Helvetica Neue&quot;, Tahoma, Arial, sans-serif; font-size: 14px; white-space: normal; background-color: rgb(248, 250, 252);\">本文的内容很多都在Vue文档里面有过说明，推荐大家可以多看看Vue文档，不止看教程篇，还有文档的Api什么的，也都可以看。然后其实还有两三点想写的，因为预计篇幅都会比较长一点，所以准备留到以后的文章里面吧~</p><p style=\"margin-top: 0px; margin-bottom: 0px; padding: 0px; color: rgb(28, 31, 33); font-family: &quot;PingFang SC&quot;, 微软雅黑, &quot;Microsoft YaHei&quot;, Helvetica, &quot;Helvetica Neue&quot;, Tahoma, Arial, sans-serif; font-size: 14px; white-space: normal; background-color: rgb(248, 250, 252);\">文章如有不正确的地方欢迎各位路过的大佬鞭策！希望大家看完可以有所收获，喜欢的话，赶紧点波<span style=\"text-decoration:line-through;\">订阅</span>关注/喜欢。</p><h3 style=\"margin: 0px; padding: 0px; font-size: 16px; font-weight: 400; line-height: 32px; color: rgb(28, 31, 33); font-family: &quot;PingFang SC&quot;, 微软雅黑, &quot;Microsoft YaHei&quot;, Helvetica, &quot;Helvetica Neue&quot;, Tahoma, Arial, sans-serif; white-space: normal; background-color: rgb(248, 250, 252);\">看完的朋友可以点个喜欢/关注，您的支持是对我最大的鼓励。</h3><p style=\"margin-top: 0px; margin-bottom: 0px; padding: 0px; color: rgb(28, 31, 33); font-family: &quot;PingFang SC&quot;, 微软雅黑, &quot;Microsoft YaHei&quot;, Helvetica, &quot;Helvetica Neue&quot;, Tahoma, Arial, sans-serif; font-size: 14px; white-space: normal; background-color: rgb(248, 250, 252);\"><a href=\"http://obkoro1.com/\" target=\"_blank\" style=\"outline: 0px; text-decoration-line: none; color: rgb(28, 31, 33);\">个人blog</a>&nbsp;and&nbsp;<a href=\"https://juejin.im/user/58714f0eb123db4a2eb95372\" target=\"_blank\" style=\"outline: 0px; text-decoration-line: none; color: rgb(28, 31, 33);\">掘金个人主页</a>，如需转载，请放上原文链接并署名。码字不易，感谢支持！</p><p style=\"margin-top: 0px; margin-bottom: 0px; padding: 0px; color: rgb(28, 31, 33); font-family: &quot;PingFang SC&quot;, 微软雅黑, &quot;Microsoft YaHei&quot;, Helvetica, &quot;Helvetica Neue&quot;, Tahoma, Arial, sans-serif; font-size: 14px; white-space: normal; background-color: rgb(248, 250, 252);\">如果喜欢本文的话，欢迎关注我的订阅号，漫漫技术路，期待未来共同学习成长。</p><p style=\"margin-top: 0px; margin-bottom: 0px; padding: 0px; color: rgb(28, 31, 33); font-family: &quot;PingFang SC&quot;, 微软雅黑, &quot;Microsoft YaHei&quot;, Helvetica, &quot;Helvetica Neue&quot;, Tahoma, Arial, sans-serif; font-size: 14px; white-space: normal; background-color: rgb(248, 250, 252);\">以上2018.6.3</p><h3 style=\"margin: 0px; padding: 0px; font-size: 16px; font-weight: 400; line-height: 32px; color: rgb(28, 31, 33); font-family: &quot;PingFang SC&quot;, 微软雅黑, &quot;Microsoft YaHei&quot;, Helvetica, &quot;Helvetica Neue&quot;, Tahoma, Arial, sans-serif; white-space: normal; background-color: rgb(248, 250, 252);\">参考资料：</h3><p style=\"margin-top: 0px; margin-bottom: 0px; padding: 0px; color: rgb(28, 31, 33); font-family: &quot;PingFang SC&quot;, 微软雅黑, &quot;Microsoft YaHei&quot;, Helvetica, &quot;Helvetica Neue&quot;, Tahoma, Arial, sans-serif; font-size: 14px; white-space: normal; background-color: rgb(248, 250, 252);\"><a href=\"https://cn.vuejs.org/v2/guide/\" target=\"_blank\" style=\"outline: 0px; text-decoration-line: none; color: rgb(28, 31, 33);\">Vue文档</a></p><p style=\"margin-top: 0px; margin-bottom: 0px; padding: 0px; color: rgb(28, 31, 33); font-family: &quot;PingFang SC&quot;, 微软雅黑, &quot;Microsoft YaHei&quot;, Helvetica, &quot;Helvetica Neue&quot;, Tahoma, Arial, sans-serif; font-size: 14px; white-space: normal; background-color: rgb(248, 250, 252);\"><a href=\"https://cn.vuejs.org/v2/api/\" target=\"_blank\" style=\"outline: 0px; text-decoration-line: none; color: rgb(28, 31, 33);\">Vue Api文档</a></p><p><br/><span style=\"color: rgb(28, 31, 33); font-family: &quot;PingFang SC&quot;, 微软雅黑, &quot;Microsoft YaHei&quot;, Helvetica, &quot;Helvetica Neue&quot;, Tahoma, Arial, sans-serif; font-size: 14px; background-color: rgb(248, 250, 252);\">作者：</span><br/><span style=\"color: rgb(28, 31, 33); font-family: &quot;PingFang SC&quot;, 微软雅黑, &quot;Microsoft YaHei&quot;, Helvetica, &quot;Helvetica Neue&quot;, Tahoma, Arial, sans-serif; font-size: 14px; background-color: rgb(248, 250, 252);\">链接：https://www.imooc.com/article/32884</span><br/><span style=\"color: rgb(28, 31, 33); font-family: &quot;PingFang SC&quot;, 微软雅黑, &quot;Microsoft YaHei&quot;, Helvetica, &quot;Helvetica Neue&quot;, Tahoma, Arial, sans-serif; font-size: 14px; background-color: rgb(248, 250, 252);\">来源：慕课网</span><br/><span style=\"color: rgb(28, 31, 33); font-family: &quot;PingFang SC&quot;, 微软雅黑, &quot;Microsoft YaHei&quot;, Helvetica, &quot;Helvetica Neue&quot;, Tahoma, Arial, sans-serif; font-size: 14px; background-color: rgb(248, 250, 252);\">本文原创发布于慕课网 ，转载请注明出处，谢谢合作</span></p><p><br/></p>','null','你或许不知道Vue的这些小技巧',68,'n','2018-06-06',NULL,'用Vue开发一个网页并不难，但是也经常会遇到一些问题，其实大部分的问题都在文档中有所提及，再不然我们通过谷歌也能成功搜索到问题的答案，为了帮助小伙伴们提前踩坑，在遇到问题的时候，心里大概有个谱知道该如何去解决问题。这篇文章是将自己知道的一些小技巧，结合查阅资料整理成的一篇文章，如果喜欢的话可以点波赞/关注，支持一下，希望大家看完本文可以有所收获。\r\n作者：\r\n链接：https://www.imooc.com/article/32884\r\n来源：慕课网\r\n本文原创发布于慕课网 ，转载请注明出处，谢谢合作'),(61,'<p style=\"margin-top: 0px; margin-bottom: 0px; padding: 0px; color: rgb(28, 31, 33); font-family: &quot;PingFang SC&quot;, 微软雅黑, &quot;Microsoft YaHei&quot;, Helvetica, &quot;Helvetica Neue&quot;, Tahoma, Arial, sans-serif; font-size: 14px; white-space: normal; background-color: rgb(248, 250, 252);\">服务治理主要针对于当前分布式架构下多服务、微服务等。</p><p style=\"margin-top: 0px; margin-bottom: 0px; padding: 0px; color: rgb(28, 31, 33); font-family: &quot;PingFang SC&quot;, 微软雅黑, &quot;Microsoft YaHei&quot;, Helvetica, &quot;Helvetica Neue&quot;, Tahoma, Arial, sans-serif; font-size: 14px; white-space: normal; background-color: rgb(248, 250, 252);\">服务是分布式系统下的一个不大不小的部分，有了服务的组成，整个系统才能活起来。</p><p style=\"margin-top: 0px; margin-bottom: 0px; padding: 0px; color: rgb(28, 31, 33); font-family: &quot;PingFang SC&quot;, 微软雅黑, &quot;Microsoft YaHei&quot;, Helvetica, &quot;Helvetica Neue&quot;, Tahoma, Arial, sans-serif; font-size: 14px; white-space: normal; background-color: rgb(248, 250, 252);\">随着业务的增长，服务不能一味地随之增长，需要管理、治理。没有服务治理的分布式系统不一定会失败，但是随着业务的增长，这个系统一定会很痛苦。</p><p><span style=\"color: rgb(28, 31, 33); font-family: &quot;PingFang SC&quot;, 微软雅黑, &quot;Microsoft YaHei&quot;, Helvetica, &quot;Helvetica Neue&quot;, Tahoma, Arial, sans-serif; background-color: rgb(248, 250, 252); display: block; font-size: 22px; margin: 22px 0px 10px;\">服务治理的目标</span></p><p style=\"margin-top: 0px; margin-bottom: 0px; padding: 0px; color: rgb(28, 31, 33); font-family: &quot;PingFang SC&quot;, 微软雅黑, &quot;Microsoft YaHei&quot;, Helvetica, &quot;Helvetica Neue&quot;, Tahoma, Arial, sans-serif; font-size: 14px; white-space: normal; background-color: rgb(248, 250, 252);\">服务治理严格意义上应该划分为三个阶段，包含了服务的整个生命周期。</p><p style=\"margin-top: 0px; margin-bottom: 0px; padding: 0px; color: rgb(28, 31, 33); font-family: &quot;PingFang SC&quot;, 微软雅黑, &quot;Microsoft YaHei&quot;, Helvetica, &quot;Helvetica Neue&quot;, Tahoma, Arial, sans-serif; font-size: 14px; white-space: normal; background-color: rgb(248, 250, 252);\">其中服务设计期主要针对于服务的设计期、开发期，而服务运行期主要针对于服务上线后等运行情况，最后服务持续治理则是坚持了“分久必合”的理念，将淘汰制进行到底。</p><p style=\"margin-top: 0px; margin-bottom: 0px; padding: 0px; color: rgb(28, 31, 33); font-family: &quot;PingFang SC&quot;, 微软雅黑, &quot;Microsoft YaHei&quot;, Helvetica, &quot;Helvetica Neue&quot;, Tahoma, Arial, sans-serif; font-size: 14px; white-space: normal; background-color: rgb(248, 250, 252);\">下面讲讲三个时期需要完整的工作：</p><p style=\"margin-top: 0px; margin-bottom: 0px; padding: 0px; color: rgb(28, 31, 33); font-family: &quot;PingFang SC&quot;, 微软雅黑, &quot;Microsoft YaHei&quot;, Helvetica, &quot;Helvetica Neue&quot;, Tahoma, Arial, sans-serif; font-size: 14px; white-space: normal; background-color: rgb(248, 250, 252);\">服务设计期：</p><ol style=\"list-style-type: none;\" class=\" list-paddingleft-2\"><li><p>方案评审、开发测试审查、签发认证、服务可发现</p></li><li><p>策略管理</p></li><li><p>合约定义、商谈</p></li><li><p>标准化服务质量协议</p></li></ol><p style=\"margin-top: 0px; margin-bottom: 0px; padding: 0px; color: rgb(28, 31, 33); font-family: &quot;PingFang SC&quot;, 微软雅黑, &quot;Microsoft YaHei&quot;, Helvetica, &quot;Helvetica Neue&quot;, Tahoma, Arial, sans-serif; font-size: 14px; white-space: normal; background-color: rgb(248, 250, 252);\">服务运行期：</p><ol style=\"list-style-type: none;\" class=\" list-paddingleft-2\"><li><p>系统记录：记录交换的信息</p></li><li><p>服务管理系统：控管、配置服务以及运行阶段的组件，根据异常状况重新配置环境</p></li><li><p>服务监控系统：采集数据，可视化，提供变配证据</p></li><li><p>服务质量保证系统：增强通讯中的消息和运行阶段策略、安全性、可靠性、事务性、稽核等</p></li></ol><p style=\"margin-top: 0px; margin-bottom: 0px; padding: 0px; color: rgb(28, 31, 33); font-family: &quot;PingFang SC&quot;, 微软雅黑, &quot;Microsoft YaHei&quot;, Helvetica, &quot;Helvetica Neue&quot;, Tahoma, Arial, sans-serif; font-size: 14px; white-space: normal; background-color: rgb(248, 250, 252);\">服务持续治理：</p><ol style=\"list-style-type: none;\" class=\" list-paddingleft-2\"><li><p>服务资产管理：评估、分析服务仓库，识别服务可重用的机率、协助进行资产整合、减少冗余的服务功能</p></li></ol><p style=\"margin-top: 0px; margin-bottom: 0px; padding: 0px; color: rgb(28, 31, 33); font-family: &quot;PingFang SC&quot;, 微软雅黑, &quot;Microsoft YaHei&quot;, Helvetica, &quot;Helvetica Neue&quot;, Tahoma, Arial, sans-serif; font-size: 14px; white-space: normal; background-color: rgb(248, 250, 252);\">根据上述目标，我们可以确定：</p><ol style=\"list-style-type: none;\" class=\" list-paddingleft-2\"><li><p>服务治理贯穿了服务的整个生命周期，包括开发前的设计、开发以及测试、运行、以及后续管理。</p></li><li><p>服务设计期主要针对于服务的设计评审以及标准的制定。</p></li><li><p>服务治理运行期的重点放在管理和监控，为了运行良好的目标，通过数据分析运行状况，通过自动化消除异常、变配等。</p></li><li><p>服务治理后期的重点放在消除冗余。</p></li></ol><p><span style=\"color: rgb(28, 31, 33); font-family: &quot;PingFang SC&quot;, 微软雅黑, &quot;Microsoft YaHei&quot;, Helvetica, &quot;Helvetica Neue&quot;, Tahoma, Arial, sans-serif; background-color: rgb(248, 250, 252); display: block; font-size: 22px; margin: 22px 0px 10px;\">服务治理平台设计</span></p><p style=\"margin-top: 0px; margin-bottom: 0px; padding: 0px; color: rgb(28, 31, 33); font-family: &quot;PingFang SC&quot;, 微软雅黑, &quot;Microsoft YaHei&quot;, Helvetica, &quot;Helvetica Neue&quot;, Tahoma, Arial, sans-serif; font-size: 14px; white-space: normal; background-color: rgb(248, 250, 252);\">结合现在大多架构的注册中心、监控中心，可构设出大概的<a href=\"http://www.jianyujianyu.com/\" target=\"_blank\" style=\"outline: 0px; text-decoration-line: none; color: rgb(28, 31, 33);\">架构图</a>：</p><p style=\"margin-top: 0px; margin-bottom: 0px; padding: 0px; color: rgb(28, 31, 33); font-family: &quot;PingFang SC&quot;, 微软雅黑, &quot;Microsoft YaHei&quot;, Helvetica, &quot;Helvetica Neue&quot;, Tahoma, Arial, sans-serif; font-size: 14px; white-space: normal; background-color: rgb(248, 250, 252);\"><img title=\"谈谈为什么需要服务治理（Dubbo）_\" src=\"https://oda3wj69k.qnssl.com/%E6%9E%B6%E6%9E%84%E5%9B%BE.png\" alt=\"架构图\"/></p><p><span style=\"color: rgb(28, 31, 33); font-family: &quot;PingFang SC&quot;, 微软雅黑, &quot;Microsoft YaHei&quot;, Helvetica, &quot;Helvetica Neue&quot;, Tahoma, Arial, sans-serif; background-color: rgb(248, 250, 252); display: block; font-size: 22px; margin: 22px 0px 10px;\">结合Dubbo分析</span></p><p style=\"margin-top: 0px; margin-bottom: 0px; padding: 0px; color: rgb(28, 31, 33); font-family: &quot;PingFang SC&quot;, 微软雅黑, &quot;Microsoft YaHei&quot;, Helvetica, &quot;Helvetica Neue&quot;, Tahoma, Arial, sans-serif; font-size: 14px; white-space: normal; background-color: rgb(248, 250, 252);\">在服务治理平台的开发过程中，开发难点和设计服务复杂度应该放在了服务注册、服务监控上。</p><p style=\"margin-top: 0px; margin-bottom: 0px; padding: 0px; color: rgb(28, 31, 33); font-family: &quot;PingFang SC&quot;, 微软雅黑, &quot;Microsoft YaHei&quot;, Helvetica, &quot;Helvetica Neue&quot;, Tahoma, Arial, sans-serif; font-size: 14px; white-space: normal; background-color: rgb(248, 250, 252);\">Dubbo是一个高性能服务框架，致力于提供高性能和透明化的RPC远程服务调用方案，以及SOA服务治理方案，使得应用可通过高性能RPC实现服务的输出和输入功能，和Spring框架可以无缝集成。</p><h3 style=\"margin: 0px; padding: 0px; font-size: 16px; font-weight: 400; line-height: 32px; color: rgb(28, 31, 33); font-family: &quot;PingFang SC&quot;, 微软雅黑, &quot;Microsoft YaHei&quot;, Helvetica, &quot;Helvetica Neue&quot;, Tahoma, Arial, sans-serif; white-space: normal; background-color: rgb(248, 250, 252);\">问题分析</h3><p style=\"margin-top: 0px; margin-bottom: 0px; padding: 0px; color: rgb(28, 31, 33); font-family: &quot;PingFang SC&quot;, 微软雅黑, &quot;Microsoft YaHei&quot;, Helvetica, &quot;Helvetica Neue&quot;, Tahoma, Arial, sans-serif; font-size: 14px; white-space: normal; background-color: rgb(248, 250, 252);\">随着业务不断增长，为了追求更高的性能支撑业务，集群的引入使得服务架构的复杂度大大提升。庞大的集群容易出现各种各样的问题：</p><ol style=\"list-style-type: none;\" class=\" list-paddingleft-2\"><li><p>过多的服务URL配置困难</p></li><li><p>负载均衡分配节点压力过大的情况下也需要部署集群</p></li><li><p>服务依赖混乱，启动顺序不清晰</p></li><li><p>过多服务导致性能指标分析难度较大，需要监控</p></li></ol><h3 style=\"margin: 0px; padding: 0px; font-size: 16px; font-weight: 400; line-height: 32px; color: rgb(28, 31, 33); font-family: &quot;PingFang SC&quot;, 微软雅黑, &quot;Microsoft YaHei&quot;, Helvetica, &quot;Helvetica Neue&quot;, Tahoma, Arial, sans-serif; white-space: normal; background-color: rgb(248, 250, 252);\">架构分析</h3><p style=\"margin-top: 0px; margin-bottom: 0px; padding: 0px; color: rgb(28, 31, 33); font-family: &quot;PingFang SC&quot;, 微软雅黑, &quot;Microsoft YaHei&quot;, Helvetica, &quot;Helvetica Neue&quot;, Tahoma, Arial, sans-serif; font-size: 14px; white-space: normal; background-color: rgb(248, 250, 252);\"><img title=\"谈谈为什么需要服务治理（Dubbo）_\" src=\"https://oda3wj69k.qnssl.com/15280311786014.jpg\" alt=\"\"/></p><p style=\"margin-top: 0px; margin-bottom: 0px; padding: 0px; color: rgb(28, 31, 33); font-family: &quot;PingFang SC&quot;, 微软雅黑, &quot;Microsoft YaHei&quot;, Helvetica, &quot;Helvetica Neue&quot;, Tahoma, Arial, sans-serif; font-size: 14px; white-space: normal; background-color: rgb(248, 250, 252);\">Dubbo注册中心和监控中心的引入是服务治理的关键。</p><p style=\"margin-top: 0px; margin-bottom: 0px; padding: 0px; color: rgb(28, 31, 33); font-family: &quot;PingFang SC&quot;, 微软雅黑, &quot;Microsoft YaHei&quot;, Helvetica, &quot;Helvetica Neue&quot;, Tahoma, Arial, sans-serif; font-size: 14px; white-space: normal; background-color: rgb(248, 250, 252);\">注册中心的关键点：</p><ul style=\"list-style-type: none;\" class=\" list-paddingleft-2\"><li><p>服务提供者向注册中心注册其提供的服务</p></li><li><p>服务消费者向注册中心获取服务提供者地址列表，同时加上负载均衡的算法选择服务提供者</p></li></ul><p style=\"margin-top: 0px; margin-bottom: 0px; padding: 0px; color: rgb(28, 31, 33); font-family: &quot;PingFang SC&quot;, 微软雅黑, &quot;Microsoft YaHei&quot;, Helvetica, &quot;Helvetica Neue&quot;, Tahoma, Arial, sans-serif; font-size: 14px; white-space: normal; background-color: rgb(248, 250, 252);\">监控中心的关键点：</p><ul style=\"list-style-type: none;\" class=\" list-paddingleft-2\"><li><p>服务消费者和提供者累计调用次数和调用时间，定时发送统计数据到监控中心</p></li></ul><p style=\"margin-top: 0px; margin-bottom: 0px; padding: 0px; color: rgb(28, 31, 33); font-family: &quot;PingFang SC&quot;, 微软雅黑, &quot;Microsoft YaHei&quot;, Helvetica, &quot;Helvetica Neue&quot;, Tahoma, Arial, sans-serif; font-size: 14px; white-space: normal; background-color: rgb(248, 250, 252);\">业务引入架构后，必须要保证的是，对当前业务的稳定性的影响只能是正面影响或者无影响，不能是负面影响。</p><p style=\"margin-top: 0px; margin-bottom: 0px; padding: 0px; color: rgb(28, 31, 33); font-family: &quot;PingFang SC&quot;, 微软雅黑, &quot;Microsoft YaHei&quot;, Helvetica, &quot;Helvetica Neue&quot;, Tahoma, Arial, sans-serif; font-size: 14px; white-space: normal; background-color: rgb(248, 250, 252);\">考虑该架构对稳定性的影响：</p><ul style=\"list-style-type: none;\" class=\" list-paddingleft-2\"><li><p>注册中心宕机情况下，消费者在本地缓存了提供者列表，业务暂时不受影响，但是不能再注册新的服务</p></li><li><p>监控中心宕机情况下，不影响服务，只影响部分采样数据</p></li><li><p>服务提供方宕机后，通过负载均衡算法可将请求往别的同服务的提供方发送，对健壮性起正面作用</p></li></ul><p style=\"margin-top: 0px; margin-bottom: 0px; padding: 0px; color: rgb(28, 31, 33); font-family: &quot;PingFang SC&quot;, 微软雅黑, &quot;Microsoft YaHei&quot;, Helvetica, &quot;Helvetica Neue&quot;, Tahoma, Arial, sans-serif; font-size: 14px; white-space: normal; background-color: rgb(248, 250, 252);\">注册中心和监控中心的引入在很大程度上提高了运行期的稳定性，对应了服务治理的工作。</p><p style=\"margin-top: 0px; margin-bottom: 0px; padding: 0px; color: rgb(28, 31, 33); font-family: &quot;PingFang SC&quot;, 微软雅黑, &quot;Microsoft YaHei&quot;, Helvetica, &quot;Helvetica Neue&quot;, Tahoma, Arial, sans-serif; font-size: 14px; white-space: normal; background-color: rgb(248, 250, 252);\">考虑架构对其他方面的影响：</p><ul style=\"list-style-type: none;\" class=\" list-paddingleft-2\"><li><p>可动态增加服务，由注册中心统一动态分配</p></li><li><p>可动态增加消费方，由注册中心统一动态分配</p></li></ul><p style=\"margin-top: 0px; margin-bottom: 0px; padding: 0px; color: rgb(28, 31, 33); font-family: &quot;PingFang SC&quot;, 微软雅黑, &quot;Microsoft YaHei&quot;, Helvetica, &quot;Helvetica Neue&quot;, Tahoma, Arial, sans-serif; font-size: 14px; white-space: normal; background-color: rgb(248, 250, 252);\">由此可见注册中心的引入提高了伸缩性，对应了服务治理运行期所需工作。</p><p style=\"margin-top: 0px; margin-bottom: 0px; padding: 0px; color: rgb(28, 31, 33); font-family: &quot;PingFang SC&quot;, 微软雅黑, &quot;Microsoft YaHei&quot;, Helvetica, &quot;Helvetica Neue&quot;, Tahoma, Arial, sans-serif; font-size: 14px; white-space: normal; background-color: rgb(248, 250, 252);\">而监控中心的引入，数据的采集和分析得到的收益也是明显的，对应的是服务治理运行期的服务监控以及服务治理持续治理下的服务资产管理。</p><p><br/></p><p><br/></p>','null','谈谈为什么需要服务治理（Dubbo）',68,'n','2018-06-06',NULL,'服务治理主要针对于当前分布式架构下多服务、微服务等。\r\n\r\n服务是分布式系统下的一个不大不小的部分，有了服务的组成，整个系统才能活起来。\r\n\r\n随着业务的增长，服务不能一味地随之增长，需要管理、治理。没有服务治理的分布式系统不一定会失败，但是随着业务的增长，这个系统一定会很痛苦。'),(62,'<p></p><p><span style=\"color: rgb(28, 31, 33); font-family: &quot;PingFang SC&quot;, 微软雅黑, &quot;Microsoft YaHei&quot;, Helvetica, &quot;Helvetica Neue&quot;, Tahoma, Arial, sans-serif; background-color: rgb(248, 250, 252); display: block; font-size: 22px; margin: 22px 0px 10px;\">前言</span></p><p style=\"margin-top: 0px; margin-bottom: 0px; padding: 0px; color: rgb(28, 31, 33); font-family: &quot;PingFang SC&quot;, 微软雅黑, &quot;Microsoft YaHei&quot;, Helvetica, &quot;Helvetica Neue&quot;, Tahoma, Arial, sans-serif; font-size: 14px; white-space: normal; background-color: rgb(248, 250, 252);\">随着互联网的发展，无论是web服务还是移动APP越来越多的都集成了第三方支付(支付宝、微信、银联)。通常作为服务提供方，支付成功以后都会有一个后端回调URL来通知是否调用者是否支付成功，这个URL必须是公网环境，并且可以被访问到。然而在实际开发测试环境中，我们一般都是在内网开发，所以说对于支付测试是一件比较麻烦的事情。</p><p><span style=\"color: rgb(28, 31, 33); font-family: &quot;PingFang SC&quot;, 微软雅黑, &quot;Microsoft YaHei&quot;, Helvetica, &quot;Helvetica Neue&quot;, Tahoma, Arial, sans-serif; background-color: rgb(248, 250, 252); display: block; font-size: 22px; margin: 22px 0px 10px;\">内网穿透</span></p><p style=\"margin-top: 0px; margin-bottom: 0px; padding: 0px; color: rgb(28, 31, 33); font-family: &quot;PingFang SC&quot;, 微软雅黑, &quot;Microsoft YaHei&quot;, Helvetica, &quot;Helvetica Neue&quot;, Tahoma, Arial, sans-serif; font-size: 14px; white-space: normal; background-color: rgb(248, 250, 252);\">这时候，我们就需要内网穿透服务来解决第三方服务无法回调的问题了，下面我们来稍微盘点那些流行的内网穿透技术。</p><h4 style=\"margin: 0px; padding: 0px; font-size: 14px; font-weight: 400; color: rgb(28, 31, 33); font-family: &quot;PingFang SC&quot;, 微软雅黑, &quot;Microsoft YaHei&quot;, Helvetica, &quot;Helvetica Neue&quot;, Tahoma, Arial, sans-serif; white-space: normal; background-color: rgb(248, 250, 252);\">Ngrok</h4><p style=\"margin-top: 0px; margin-bottom: 0px; padding: 0px; color: rgb(28, 31, 33); font-family: &quot;PingFang SC&quot;, 微软雅黑, &quot;Microsoft YaHei&quot;, Helvetica, &quot;Helvetica Neue&quot;, Tahoma, Arial, sans-serif; font-size: 14px; white-space: normal; background-color: rgb(248, 250, 252);\">ngrok 是一个反向代理，通过在公共的端点和本地运行的 Web 服务器之间建立一个安全的通道。ngrok 可捕获和分析所有通道上的流量，便于后期分析和重放(百度百科)。</p><ul style=\"list-style-type: none;\" class=\" list-paddingleft-2\"><li><p style=\"margin-top: 0px; margin-bottom: 0px; padding: 0px;\">优点：使用方便，Docker容器化，配置简单，各平台支持，也可以自己搭建服务器</p></li><li><p>缺点：ngrok 是一个开源程序，官网服务在国外，国内访问国外速度慢。1.7+以后不再开源，收费才是持续发展的动力</p></li></ul><p style=\"margin-top: 0px; margin-bottom: 0px; padding: 0px; color: rgb(28, 31, 33); font-family: &quot;PingFang SC&quot;, 微软雅黑, &quot;Microsoft YaHei&quot;, Helvetica, &quot;Helvetica Neue&quot;, Tahoma, Arial, sans-serif; font-size: 14px; white-space: normal; background-color: rgb(248, 250, 252);\">国内也有相应的ngrok服务 natapp、frp、nat123端口映射、内网通、花生壳等等，这里就不一个个介绍了，有兴趣的可以自行谷歌，毕竟今天的主角是Ngrok。</p><p style=\"margin-top: 0px; margin-bottom: 0px; padding: 0px; color: rgb(28, 31, 33); font-family: &quot;PingFang SC&quot;, 微软雅黑, &quot;Microsoft YaHei&quot;, Helvetica, &quot;Helvetica Neue&quot;, Tahoma, Arial, sans-serif; font-size: 14px; white-space: normal; background-color: rgb(248, 250, 252);\">下面一张图我们来了解一下Ngrok的穿透流程：</p><p style=\"margin-top: 0px; margin-bottom: 0px; padding: 0px; color: rgb(28, 31, 33); font-family: &quot;PingFang SC&quot;, 微软雅黑, &quot;Microsoft YaHei&quot;, Helvetica, &quot;Helvetica Neue&quot;, Tahoma, Arial, sans-serif; font-size: 14px; white-space: normal; background-color: rgb(248, 250, 252);\"><img title=\"内网穿透神器：Ngrok在支付中的正确使用姿势_\" src=\"https://img.mukewang.com/5b16603c0001a9f310210493.png\" alt=\"图片描述\"/></p><p><span style=\"color: rgb(28, 31, 33); font-family: &quot;PingFang SC&quot;, 微软雅黑, &quot;Microsoft YaHei&quot;, Helvetica, &quot;Helvetica Neue&quot;, Tahoma, Arial, sans-serif; background-color: rgb(248, 250, 252); display: block; font-size: 22px; margin: 22px 0px 10px;\">环境说明</span></p><p style=\"margin-top: 0px; margin-bottom: 0px; padding: 0px; color: rgb(28, 31, 33); font-family: &quot;PingFang SC&quot;, 微软雅黑, &quot;Microsoft YaHei&quot;, Helvetica, &quot;Helvetica Neue&quot;, Tahoma, Arial, sans-serif; font-size: 14px; white-space: normal; background-color: rgb(248, 250, 252);\">云服务器Linux(centos7.4)、Nginx、Docker、<a href=\"https://hub.docker.com/r/hteen/ngrok/\" title=\"hteen/ngrok\" target=\"_blank\" style=\"outline: 0px; text-decoration-line: none; color: rgb(28, 31, 33);\">hteen/ngrok</a>&nbsp;Docker镜像，备案域名一枚</p><p><span style=\"color: rgb(28, 31, 33); font-family: &quot;PingFang SC&quot;, 微软雅黑, &quot;Microsoft YaHei&quot;, Helvetica, &quot;Helvetica Neue&quot;, Tahoma, Arial, sans-serif; background-color: rgb(248, 250, 252); display: block; font-size: 22px; margin: 22px 0px 10px;\">安装说明</span></p><p style=\"margin-top: 0px; margin-bottom: 0px; padding: 0px; color: rgb(28, 31, 33); font-family: &quot;PingFang SC&quot;, 微软雅黑, &quot;Microsoft YaHei&quot;, Helvetica, &quot;Helvetica Neue&quot;, Tahoma, Arial, sans-serif; font-size: 14px; white-space: normal; background-color: rgb(248, 250, 252);\">这里省去了Docker安装说明，请自行安装<a href=\"https://blog.52itstyle.com/archives/2217/\" title=\"Docker\" target=\"_blank\" style=\"outline: 0px; text-decoration-line: none; color: rgb(28, 31, 33);\">Docker</a>。</p><h4 style=\"margin: 0px; padding: 0px; font-size: 14px; font-weight: 400; color: rgb(28, 31, 33); font-family: &quot;PingFang SC&quot;, 微软雅黑, &quot;Microsoft YaHei&quot;, Helvetica, &quot;Helvetica Neue&quot;, Tahoma, Arial, sans-serif; white-space: normal; background-color: rgb(248, 250, 252);\">获取ngrok镜像：</h4><pre class=\"prettyprint\" style=\"margin-top: 0px; margin-bottom: 0px; padding: 0px; color: rgb(28, 31, 33); font-size: 14px; background-color: rgb(248, 250, 252);\">docker&nbsp;pull&nbsp;hteen/ngrok</pre><h4 style=\"margin: 0px; padding: 0px; font-size: 14px; font-weight: 400; color: rgb(28, 31, 33); font-family: &quot;PingFang SC&quot;, 微软雅黑, &quot;Microsoft YaHei&quot;, Helvetica, &quot;Helvetica Neue&quot;, Tahoma, Arial, sans-serif; white-space: normal; background-color: rgb(248, 250, 252);\">启动</h4><ul style=\"list-style-type: none;\" class=\" list-paddingleft-2\"><li><p>我们需要挂载宿机目录(E.g /data/ngrok)到容器的/myfiles目录</p></li><li><p>第一次运行，它将会在/data/ngrok目录下生成二进制文件和CA证书</p></li></ul><pre class=\"prettyprint\" style=\"margin-top: 0px; margin-bottom: 0px; padding: 0px; color: rgb(28, 31, 33); font-size: 14px; background-color: rgb(248, 250, 252);\">sudo&nbsp;docker&nbsp;run&nbsp;--rm&nbsp;-it&nbsp;-e&nbsp;DOMAIN=&quot;ngrok.52itstyle.com&quot;&nbsp;-v&nbsp;/data/ngrok:/myfiles&nbsp;hteen/ngrok&nbsp;/bin/sh&nbsp;&nbsp;/build.sh</pre><p style=\"margin-top: 0px; margin-bottom: 0px; padding: 0px; color: rgb(28, 31, 33); font-family: &quot;PingFang SC&quot;, 微软雅黑, &quot;Microsoft YaHei&quot;, Helvetica, &quot;Helvetica Neue&quot;, Tahoma, Arial, sans-serif; font-size: 14px; white-space: normal; background-color: rgb(248, 250, 252);\">安装成功会出现以下提示(省略中间过程)：</p><pre class=\"prettyprint\" style=\"margin-top: 0px; margin-bottom: 0px; padding: 0px; color: rgb(28, 31, 33); font-size: 14px; background-color: rgb(248, 250, 252);\">Generating&nbsp;RSA&nbsp;private&nbsp;key,&nbsp;2048&nbsp;bit&nbsp;long&nbsp;modulus.............................+++.............................+++e&nbsp;is&nbsp;65537&nbsp;(0x10001)Generating&nbsp;RSA&nbsp;private&nbsp;key,&nbsp;2048&nbsp;bit&nbsp;long&nbsp;modulus...............................+++...............................+++go&nbsp;get&nbsp;-tags&nbsp;&#39;release&#39;&nbsp;-d&nbsp;-v&nbsp;ngrok/...go&nbsp;install&nbsp;-tags&nbsp;&#39;release&#39;&nbsp;ngrok/main/ngrok\r\nbuild&nbsp;ok&nbsp;!</pre><p style=\"margin-top: 0px; margin-bottom: 0px; padding: 0px; color: rgb(28, 31, 33); font-family: &quot;PingFang SC&quot;, 微软雅黑, &quot;Microsoft YaHei&quot;, Helvetica, &quot;Helvetica Neue&quot;, Tahoma, Arial, sans-serif; font-size: 14px; white-space: normal; background-color: rgb(248, 250, 252);\">客户端和服务端生成在/data/ngrok/bin目录下：</p><pre class=\"prettyprint\" style=\"margin-top: 0px; margin-bottom: 0px; padding: 0px; color: rgb(28, 31, 33); font-size: 14px; background-color: rgb(248, 250, 252);\">bin/ngrokd&nbsp;&nbsp;&nbsp;&nbsp;&nbsp;&nbsp;&nbsp;&nbsp;&nbsp;&nbsp;&nbsp;&nbsp;&nbsp;&nbsp;&nbsp;&nbsp;&nbsp;&nbsp;服务端bin/ngrok&nbsp;&nbsp;&nbsp;&nbsp;&nbsp;&nbsp;&nbsp;&nbsp;&nbsp;&nbsp;&nbsp;&nbsp;&nbsp;&nbsp;&nbsp;&nbsp;&nbsp;&nbsp;&nbsp;linux客户端bin/darwin_amd64/ngrok&nbsp;&nbsp;&nbsp;&nbsp;&nbsp;&nbsp;osx客户端bin/windows_amd64/ngrok.exe&nbsp;windows客户端</pre><h4 style=\"margin: 0px; padding: 0px; font-size: 14px; font-weight: 400; color: rgb(28, 31, 33); font-family: &quot;PingFang SC&quot;, 微软雅黑, &quot;Microsoft YaHei&quot;, Helvetica, &quot;Helvetica Neue&quot;, Tahoma, Arial, sans-serif; white-space: normal; background-color: rgb(248, 250, 252);\">启动Ngrok server</h4><p style=\"margin-top: 0px; margin-bottom: 0px; padding: 0px; color: rgb(28, 31, 33); font-family: &quot;PingFang SC&quot;, 微软雅黑, &quot;Microsoft YaHei&quot;, Helvetica, &quot;Helvetica Neue&quot;, Tahoma, Arial, sans-serif; font-size: 14px; white-space: normal; background-color: rgb(248, 250, 252);\">由于ngrok默认使用80和443端口，这里我们使用Nginx服务做转发，通过端口映射的方式访问Docker容器(参考docker-compose.yml配置)。</p><pre class=\"prettyprint\" style=\"margin-top: 0px; margin-bottom: 0px; padding: 0px; color: rgb(28, 31, 33); font-size: 14px; background-color: rgb(248, 250, 252);\">docker&nbsp;run&nbsp;-idt&nbsp;--name&nbsp;ngrok-server&nbsp;-v&nbsp;/data/ngrok:/myfiles&nbsp;\r\n-p&nbsp;8082:80&nbsp;\r\n-p&nbsp;4432:443&nbsp;\r\n-p&nbsp;4443:4443&nbsp;\r\n-e&nbsp;DOMAIN=&#39;ngrok.52itstyle.com&#39;&nbsp;hteen/ngrok&nbsp;/bin/sh&nbsp;/server.sh</pre><p style=\"margin-top: 0px; margin-bottom: 0px; padding: 0px; color: rgb(28, 31, 33); font-family: &quot;PingFang SC&quot;, 微软雅黑, &quot;Microsoft YaHei&quot;, Helvetica, &quot;Helvetica Neue&quot;, Tahoma, Arial, sans-serif; font-size: 14px; white-space: normal; background-color: rgb(248, 250, 252);\">启动之后需要在nginx.conf 添加两条反向代理配置(HTTPS请求自行配置)：</p><pre class=\"prettyprint\" style=\"margin-top: 0px; margin-bottom: 0px; padding: 0px; color: rgb(28, 31, 33); font-size: 14px; background-color: rgb(248, 250, 252);\">server&nbsp;{\r\n&nbsp;&nbsp;&nbsp;&nbsp;&nbsp;listen&nbsp;&nbsp;&nbsp;&nbsp;&nbsp;&nbsp;&nbsp;80;\r\n&nbsp;&nbsp;&nbsp;&nbsp;&nbsp;server_name&nbsp;&nbsp;ngrok.52itstyle.cn&nbsp;*.ngrok.52itstyle.com;\r\n&nbsp;&nbsp;&nbsp;&nbsp;&nbsp;location&nbsp;/&nbsp;{\r\n&nbsp;&nbsp;&nbsp;&nbsp;&nbsp;&nbsp;&nbsp;&nbsp;&nbsp;&nbsp;&nbsp;&nbsp;&nbsp;proxy_redirect&nbsp;off;\r\n&nbsp;&nbsp;&nbsp;&nbsp;&nbsp;&nbsp;&nbsp;&nbsp;&nbsp;&nbsp;&nbsp;&nbsp;&nbsp;proxy_set_header&nbsp;Host&nbsp;$host;\r\n&nbsp;&nbsp;&nbsp;&nbsp;&nbsp;&nbsp;&nbsp;&nbsp;&nbsp;&nbsp;&nbsp;&nbsp;&nbsp;proxy_set_header&nbsp;X-Real-IP&nbsp;$remote_addr;\r\n&nbsp;&nbsp;&nbsp;&nbsp;&nbsp;&nbsp;&nbsp;&nbsp;&nbsp;&nbsp;&nbsp;&nbsp;&nbsp;proxy_set_header&nbsp;X-Forwarded-For&nbsp;$proxy_add_x_forwarded_for;\r\n&nbsp;&nbsp;&nbsp;&nbsp;&nbsp;&nbsp;&nbsp;&nbsp;&nbsp;&nbsp;&nbsp;&nbsp;&nbsp;proxy_pass&nbsp;http://127.0.0.1:8082;\r\n&nbsp;&nbsp;&nbsp;&nbsp;&nbsp;}\r\n&nbsp;}</pre><h4 style=\"margin: 0px; padding: 0px; font-size: 14px; font-weight: 400; color: rgb(28, 31, 33); font-family: &quot;PingFang SC&quot;, 微软雅黑, &quot;Microsoft YaHei&quot;, Helvetica, &quot;Helvetica Neue&quot;, Tahoma, Arial, sans-serif; white-space: normal; background-color: rgb(248, 250, 252);\">配置DNS解析</h4><p style=\"margin-top: 0px; margin-bottom: 0px; padding: 0px; color: rgb(28, 31, 33); font-family: &quot;PingFang SC&quot;, 微软雅黑, &quot;Microsoft YaHei&quot;, Helvetica, &quot;Helvetica Neue&quot;, Tahoma, Arial, sans-serif; font-size: 14px; white-space: normal; background-color: rgb(248, 250, 252);\">服务启动后，要想正常运行，我们还需要添加两条A记录到云服务器(替换成自己的IP地址)：</p><p style=\"margin-top: 0px; margin-bottom: 0px; padding: 0px; color: rgb(28, 31, 33); font-family: &quot;PingFang SC&quot;, 微软雅黑, &quot;Microsoft YaHei&quot;, Helvetica, &quot;Helvetica Neue&quot;, Tahoma, Arial, sans-serif; font-size: 14px; white-space: normal; background-color: rgb(248, 250, 252);\"><img title=\"内网穿透神器：Ngrok在支付中的正确使用姿势_\" src=\"https://img.mukewang.com/5b16604a0001def215130138.png\" alt=\"图片描述\"/></p><h4 style=\"margin: 0px; padding: 0px; font-size: 14px; font-weight: 400; color: rgb(28, 31, 33); font-family: &quot;PingFang SC&quot;, 微软雅黑, &quot;Microsoft YaHei&quot;, Helvetica, &quot;Helvetica Neue&quot;, Tahoma, Arial, sans-serif; white-space: normal; background-color: rgb(248, 250, 252);\">启动Ngrok client</h4><p style=\"margin-top: 0px; margin-bottom: 0px; padding: 0px; color: rgb(28, 31, 33); font-family: &quot;PingFang SC&quot;, 微软雅黑, &quot;Microsoft YaHei&quot;, Helvetica, &quot;Helvetica Neue&quot;, Tahoma, Arial, sans-serif; font-size: 14px; white-space: normal; background-color: rgb(248, 250, 252);\">首先从data/ngrok/bin目录下载各个环境下的客户端。</p><h5 style=\"margin: 0px; padding: 0px; font-size: 14px; font-weight: 400; line-height: 28px; color: rgb(28, 31, 33); font-family: &quot;PingFang SC&quot;, 微软雅黑, &quot;Microsoft YaHei&quot;, Helvetica, &quot;Helvetica Neue&quot;, Tahoma, Arial, sans-serif; white-space: normal; background-color: rgb(248, 250, 252);\">windows 环境</h5><p style=\"margin-top: 0px; margin-bottom: 0px; padding: 0px; color: rgb(28, 31, 33); font-family: &quot;PingFang SC&quot;, 微软雅黑, &quot;Microsoft YaHei&quot;, Helvetica, &quot;Helvetica Neue&quot;, Tahoma, Arial, sans-serif; font-size: 14px; white-space: normal; background-color: rgb(248, 250, 252);\">首先创建一个ngrok.cfg配置文件：</p><pre class=\"prettyprint\" style=\"margin-top: 0px; margin-bottom: 0px; padding: 0px; color: rgb(28, 31, 33); font-size: 14px; background-color: rgb(248, 250, 252);\">server_addr:&nbsp;&quot;ngrok.52itstyle.com:4443&quot;trust_host_root_certs:&nbsp;false</pre><p style=\"margin-top: 0px; margin-bottom: 0px; padding: 0px; color: rgb(28, 31, 33); font-family: &quot;PingFang SC&quot;, 微软雅黑, &quot;Microsoft YaHei&quot;, Helvetica, &quot;Helvetica Neue&quot;, Tahoma, Arial, sans-serif; font-size: 14px; white-space: normal; background-color: rgb(248, 250, 252);\">使用cmd命令切换到对应的目录下，然后执行以下命令：</p><pre class=\"prettyprint\" style=\"margin-top: 0px; margin-bottom: 0px; padding: 0px; color: rgb(28, 31, 33); font-size: 14px; background-color: rgb(248, 250, 252);\">ngrok.exe&nbsp;&nbsp;-config&nbsp;&nbsp;ngrok.cfg&nbsp;-subdomain&nbsp;&nbsp;&nbsp;doc&nbsp;192.168.1.125:4999</pre><p style=\"margin-top: 0px; margin-bottom: 0px; padding: 0px; color: rgb(28, 31, 33); font-family: &quot;PingFang SC&quot;, 微软雅黑, &quot;Microsoft YaHei&quot;, Helvetica, &quot;Helvetica Neue&quot;, Tahoma, Arial, sans-serif; font-size: 14px; white-space: normal; background-color: rgb(248, 250, 252);\">如果出现以下界面，说明安装成功：</p><p style=\"margin-top: 0px; margin-bottom: 0px; padding: 0px; color: rgb(28, 31, 33); font-family: &quot;PingFang SC&quot;, 微软雅黑, &quot;Microsoft YaHei&quot;, Helvetica, &quot;Helvetica Neue&quot;, Tahoma, Arial, sans-serif; font-size: 14px; white-space: normal; background-color: rgb(248, 250, 252);\"><img title=\"内网穿透神器：Ngrok在支付中的正确使用姿势_\" src=\"https://img.mukewang.com/5b16606000018b6606550435.png\" alt=\"图片描述\"/></p><h5 style=\"margin: 0px; padding: 0px; font-size: 14px; font-weight: 400; line-height: 28px; color: rgb(28, 31, 33); font-family: &quot;PingFang SC&quot;, 微软雅黑, &quot;Microsoft YaHei&quot;, Helvetica, &quot;Helvetica Neue&quot;, Tahoma, Arial, sans-serif; white-space: normal; background-color: rgb(248, 250, 252);\">Linux 环境</h5><p style=\"margin-top: 0px; margin-bottom: 0px; padding: 0px; color: rgb(28, 31, 33); font-family: &quot;PingFang SC&quot;, 微软雅黑, &quot;Microsoft YaHei&quot;, Helvetica, &quot;Helvetica Neue&quot;, Tahoma, Arial, sans-serif; font-size: 14px; white-space: normal; background-color: rgb(248, 250, 252);\">奇了个怪怪，linux下运行一直报以下错误，然并不清楚什么原因，有知道的小伙伴还望告知：</p><pre class=\"prettyprint\" style=\"margin-top: 0px; margin-bottom: 0px; padding: 0px; color: rgb(28, 31, 33); font-size: 14px; background-color: rgb(248, 250, 252);\">-bash:&nbsp;./ngrok:&nbsp;/lib/ld-musl-x86_64.so.1:&nbsp;bad&nbsp;ELF&nbsp;interpreter:&nbsp;没有那个文件或目录</pre><p><span style=\"color: rgb(28, 31, 33); font-family: &quot;PingFang SC&quot;, 微软雅黑, &quot;Microsoft YaHei&quot;, Helvetica, &quot;Helvetica Neue&quot;, Tahoma, Arial, sans-serif; background-color: rgb(248, 250, 252); display: block; font-size: 22px; margin: 22px 0px 10px;\">注意事项</span></p><ul style=\"list-style-type: none;\" class=\" list-paddingleft-2\"><li><p>防火墙需要开放4443端口，否则是无法连接成功的</p></li><li><p>微信二维码支付回调是需要域名认证的(后台只能录入一个URL)，这个有点坑！！！</p></li></ul><p style=\"margin-top: 0px; margin-bottom: 0px; padding: 0px; color: rgb(28, 31, 33); font-family: &quot;PingFang SC&quot;, 微软雅黑, &quot;Microsoft YaHei&quot;, Helvetica, &quot;Helvetica Neue&quot;, Tahoma, Arial, sans-serif; font-size: 14px; white-space: normal; background-color: rgb(248, 250, 252);\"><img title=\"内网穿透神器：Ngrok在支付中的正确使用姿势_\" src=\"https://img.mukewang.com/5b166058000164d807010353.png\" alt=\"图片描述\"/></p><p style=\"margin-top: 0px; margin-bottom: 0px; padding: 0px; color: rgb(28, 31, 33); font-family: &quot;PingFang SC&quot;, 微软雅黑, &quot;Microsoft YaHei&quot;, Helvetica, &quot;Helvetica Neue&quot;, Tahoma, Arial, sans-serif; font-size: 14px; white-space: normal; background-color: rgb(248, 250, 252);\">最后推荐一款支付宝，微信，银联详细代码案例：<a href=\"https://gitee.com/52itstyle/spring-boot-pay\" target=\"_blank\" style=\"outline: 0px; text-decoration-line: none; color: rgb(28, 31, 33);\">https://gitee.com/52itstyle/spring-boot-pay</a></p><p><span style=\"color: rgb(28, 31, 33); font-family: &quot;PingFang SC&quot;, 微软雅黑, &quot;Microsoft YaHei&quot;, Helvetica, &quot;Helvetica Neue&quot;, Tahoma, Arial, sans-serif; background-color: rgb(248, 250, 252); display: block; font-size: 22px; margin: 22px 0px 10px;\">参考</span></p><p style=\"margin-top: 0px; margin-bottom: 0px; padding: 0px; color: rgb(28, 31, 33); font-family: &quot;PingFang SC&quot;, 微软雅黑, &quot;Microsoft YaHei&quot;, Helvetica, &quot;Helvetica Neue&quot;, Tahoma, Arial, sans-serif; font-size: 14px; white-space: normal; background-color: rgb(248, 250, 252);\"><a href=\"https://hub.docker.com/r/hteen/ngrok/\" target=\"_blank\" style=\"outline: 0px; text-decoration-line: none; color: rgb(28, 31, 33);\">https://hub.docker.com/r/hteen/ngrok/</a><br/><a href=\"https://hteen.cn/docker/docker-ngrok.html\" target=\"_blank\" style=\"outline: 0px; text-decoration-line: none; color: rgb(28, 31, 33);\">https://hteen.cn/docker/docker-ngrok.html</a><br/><a href=\"https://github.com/hteen/docker-ngrok\" target=\"_blank\" style=\"outline: 0px; text-decoration-line: none; color: rgb(28, 31, 33);\">https://github.com/hteen/docker-ngrok</a><br/><a href=\"https://gitee.com/52itstyle/spring-boot-pay\" target=\"_blank\" style=\"outline: 0px; text-decoration-line: none; color: rgb(28, 31, 33);\">https://gitee.com/52itstyle/spring-boot-pay</a></p>','null','内网穿透神器：Ngrok在支付中的正确使用姿势',68,'a','2018-06-06',NULL,'随着互联网的发展，无论是web服务还是移动APP越来越多的都集成了第三方支付(支付宝、微信、银联)。通常作为服务提供方，支付成功以后都会有一个后端回调URL来通知是否调用者是否支付成功，这个URL必须是公网环境，并且可以被访问到。然而在实际开发测试环境中，我们一般都是在内网开发，所以说对于支付测试是一件比较麻烦的事情。'),(63,'<p style=\"margin-top: 0px; margin-bottom: 0px; padding: 0px; color: rgb(28, 31, 33); font-family: &quot;PingFang SC&quot;, 微软雅黑, &quot;Microsoft YaHei&quot;, Helvetica, &quot;Helvetica Neue&quot;, Tahoma, Arial, sans-serif; font-size: 14px; white-space: normal; background-color: rgb(248, 250, 252);\">小程序有非常蛋疼的问题，没有很好的优化事件机制，导致重复点击会触发多次（如果打开页面，快速多次点击，会打开多个重复的页面，返回时就会关掉一个还有一个...）</p><p style=\"margin-top: 0px; margin-bottom: 0px; padding: 0px; color: rgb(28, 31, 33); font-family: &quot;PingFang SC&quot;, 微软雅黑, &quot;Microsoft YaHei&quot;, Helvetica, &quot;Helvetica Neue&quot;, Tahoma, Arial, sans-serif; font-size: 14px; white-space: normal; background-color: rgb(248, 250, 252);\">网上很多都是给按钮或者事件按钮添加disabled属性，通过事件改变值，并判断此时能否被点击。经过本人测试，在开发者工具上面是可以的。但是在真机上面快速点击多次还是会触发多次。</p><p style=\"margin-top: 0px; margin-bottom: 0px; padding: 0px; color: rgb(28, 31, 33); font-family: &quot;PingFang SC&quot;, 微软雅黑, &quot;Microsoft YaHei&quot;, Helvetica, &quot;Helvetica Neue&quot;, Tahoma, Arial, sans-serif; font-size: 14px; white-space: normal; background-color: rgb(248, 250, 252);\">下面提供更科学的办法：</p><ol style=\"list-style-type: none;\" class=\" list-paddingleft-2\"><li><p>data里面定义3个属性</p><pre class=\"prettyprint\" style=\"margin-top: 0px; margin-bottom: 0px; padding: 0px;\">touchStartTime:&nbsp;0,&nbsp;//&nbsp;触摸开始时间touchEndTime:&nbsp;0,&nbsp;//&nbsp;触摸结束时间lastTapTime:&nbsp;0&nbsp;//&nbsp;最后一次单击事件点击发生时间</pre></li><li><p>页面触发这3个事件</p><pre class=\"prettyprint\" style=\"margin-top: 0px; margin-bottom: 0px; padding: 0px;\">&lt;view&nbsp;@tap=&quot;doubleTap&quot;&nbsp;@touchstart=&quot;touchStart&quot;&nbsp;@touchend=&quot;touchEnd&quot;&gt;测试重复点击事件&lt;/view&gt;</pre></li><li><p>methods里面添加3个方法</p><pre class=\"prettyprint\" style=\"margin-top: 0px; margin-bottom: 0px; padding: 0px;\">//&nbsp;防止重复点击touchStart(e)&nbsp;{\r\n&nbsp;&nbsp;this.touchStartTime&nbsp;=&nbsp;e.timeStamp;},touchEnd(e)&nbsp;{\r\n&nbsp;&nbsp;this.touchEndTime&nbsp;=&nbsp;e.timeStamp;},doubleTap(item,&nbsp;e)&nbsp;{\r\n&nbsp;&nbsp;var&nbsp;vm&nbsp;=&nbsp;this;\r\n&nbsp;&nbsp;//&nbsp;控制点击事件在350ms内触发，加这层判断是为了防止长按时会触发点击事件\r\n&nbsp;&nbsp;if&nbsp;(vm.touchEndTime&nbsp;-&nbsp;vm.touchStartTime&nbsp;&lt;&nbsp;350)&nbsp;{\r\n&nbsp;&nbsp;&nbsp;&nbsp;//&nbsp;当前点击的时间\r\n&nbsp;&nbsp;&nbsp;&nbsp;var&nbsp;currentTime&nbsp;=&nbsp;e.timeStamp;\r\n&nbsp;&nbsp;&nbsp;&nbsp;var&nbsp;lastTapTime&nbsp;=&nbsp;vm.lastTapTime;\r\n&nbsp;&nbsp;&nbsp;&nbsp;//&nbsp;更新最后一次点击时间\r\n&nbsp;&nbsp;&nbsp;&nbsp;vm.lastTapTime&nbsp;=&nbsp;currentTime;\r\n&nbsp;&nbsp;&nbsp;&nbsp;//&nbsp;如果两次点击时间在300毫秒内，则认为是双击事件\r\n&nbsp;&nbsp;&nbsp;&nbsp;if&nbsp;(currentTime&nbsp;-&nbsp;lastTapTime&nbsp;&gt;&nbsp;300)&nbsp;{\r\n&nbsp;&nbsp;&nbsp;&nbsp;&nbsp;&nbsp;//&nbsp;do&nbsp;something&nbsp;点击事件具体执行那个业务\r\n&nbsp;&nbsp;&nbsp;&nbsp;}\r\n&nbsp;&nbsp;}}</pre></li></ol><p><br/><span style=\"color: rgb(28, 31, 33); font-family: &quot;PingFang SC&quot;, 微软雅黑, &quot;Microsoft YaHei&quot;, Helvetica, &quot;Helvetica Neue&quot;, Tahoma, Arial, sans-serif; font-size: 14px; background-color: rgb(248, 250, 252);\">作者：</span><br/><span style=\"color: rgb(28, 31, 33); font-family: &quot;PingFang SC&quot;, 微软雅黑, &quot;Microsoft YaHei&quot;, Helvetica, &quot;Helvetica Neue&quot;, Tahoma, Arial, sans-serif; font-size: 14px; background-color: rgb(248, 250, 252);\">链接：https://www.imooc.com/article/33243</span><br/><span style=\"color: rgb(28, 31, 33); font-family: &quot;PingFang SC&quot;, 微软雅黑, &quot;Microsoft YaHei&quot;, Helvetica, &quot;Helvetica Neue&quot;, Tahoma, Arial, sans-serif; font-size: 14px; background-color: rgb(248, 250, 252);\">来源：慕课网</span><br/><span style=\"color: rgb(28, 31, 33); font-family: &quot;PingFang SC&quot;, 微软雅黑, &quot;Microsoft YaHei&quot;, Helvetica, &quot;Helvetica Neue&quot;, Tahoma, Arial, sans-serif; font-size: 14px; background-color: rgb(248, 250, 252);\">本文原创发布于慕课网 ，转载请注明出处，谢谢合作</span></p><p><br/></p>','null','小程序如何解决重复点击？',68,'a','2018-06-06',NULL,'小程序有非常蛋疼的问题，没有很好的优化事件机制，导致重复点击会触发多次（如果打开页面，快速多次点击，会打开多个重复的页面，返回时就会关掉一个还有一个...）'),(64,'<p><a class=\"js-tip-off detail-edit l\" style=\"outline: 0px; float: left; margin-right: 24px;\">&nbsp; &nbsp; 公司只有我一个前端，后端是兼职的，网站完全是由php+一大堆jq库组成的，我想问问vue能不能配合php嵌入代码呢，能把打包过的文件给他吗。</a></p><p style=\"margin-top: 0px; margin-bottom: 0px; padding: 0px;\">&nbsp;&nbsp;&nbsp;&nbsp;还有就是如果要引入第三方的支持，比如百度地图以及第三方客服聊天插件的话怎么解决，需要插入到vue代码一起打包吗，还是直接放入index.html文件中，因为我比较习惯是使用vue-cli。我说是使用组件开发的情况。</p><p><br/></p>','null','刚上班我想请教一个问题',68,'p','2018-06-06',NULL,'一个很简单的问题，但是我老是搞不懂，求各位大神解答！本人零基础。'),(65,'<p><span style=\"color: rgb(28, 31, 33); font-family: &quot;PingFang SC&quot;, 微软雅黑, &quot;Microsoft YaHei&quot;, Helvetica, &quot;Helvetica Neue&quot;, Tahoma, Arial, sans-serif; background-color: rgb(255, 255, 255);\">最常用的网页制作开发工具，推荐两三个 &nbsp; 好用的 ？</span></p>','null','开发工具怎么下载？',68,'p','2018-06-06',NULL,'最常用的网页制作开发工具，推荐两三个   好用的 ？'),(66,'<p><span style=\"color: rgb(28, 31, 33); font-family: &quot;PingFang SC&quot;, 微软雅黑, &quot;Microsoft YaHei&quot;, Helvetica, &quot;Helvetica Neue&quot;, Tahoma, Arial, sans-serif; background-color: rgb(255, 255, 255);\">左滑右滑都可切换导航栏 并且导航栏是超出状态 &nbsp;内容区域内容是相同的只是根据导航选中的具体项刷新显示不同的内容而已，有谁知道怎么做到吗</span></p>','null','手机端滑动切换导航栏更换页面内容？',68,'p','2018-06-06',NULL,'左滑右滑都可切换导航栏 并且导航栏是超出状态  内容区域内容是相同的只是根据导航选中的具体项刷新显示不同的内容而已，有谁知道怎么做到吗');
/*!40000 ALTER TABLE `article` ENABLE KEYS */;
UNLOCK TABLES;

--
-- Table structure for table `channel`
--

DROP TABLE IF EXISTS `channel`;
/*!40101 SET @saved_cs_client     = @@character_set_client */;
/*!40101 SET character_set_client = utf8 */;
CREATE TABLE `channel` (
  `id` int(8) NOT NULL AUTO_INCREMENT,
  `title` varchar(200) NOT NULL,
  `targetUrl` varchar(200) DEFAULT '#' COMMENT '跳转链接',
  `weight` int(11) DEFAULT '0' COMMENT '用于显示栏目',
  PRIMARY KEY (`id`)
) ENGINE=InnoDB AUTO_INCREMENT=2 DEFAULT CHARSET=utf8;
/*!40101 SET character_set_client = @saved_cs_client */;

--
-- Dumping data for table `channel`
--

LOCK TABLES `channel` WRITE;
/*!40000 ALTER TABLE `channel` DISABLE KEYS */;
INSERT INTO `channel` VALUES (1,'首页','/client/index.jsp',3);
/*!40000 ALTER TABLE `channel` ENABLE KEYS */;
UNLOCK TABLES;

--
-- Table structure for table `comment`
--

DROP TABLE IF EXISTS `comment`;
/*!40101 SET @saved_cs_client     = @@character_set_client */;
/*!40101 SET character_set_client = utf8 */;
CREATE TABLE `comment` (
  `id` int(11) NOT NULL AUTO_INCREMENT,
  `targetId` int(11) NOT NULL,
  `userid` int(11) NOT NULL,
  `content` varchar(500) DEFAULT NULL,
  `date` date DEFAULT NULL,
  `score` int(11) DEFAULT '0',
  `commentType` varchar(45) DEFAULT NULL,
  PRIMARY KEY (`id`)
) ENGINE=InnoDB AUTO_INCREMENT=17 DEFAULT CHARSET=utf8 COMMENT='评论';
/*!40101 SET character_set_client = @saved_cs_client */;

--
-- Dumping data for table `comment`
--

LOCK TABLES `comment` WRITE;
/*!40000 ALTER TABLE `comment` DISABLE KEYS */;
INSERT INTO `comment` VALUES (8,27,68,'你好啊','2018-05-14',1,'course'),(12,28,68,'你好啊','2018-05-14',1,'course'),(13,59,68,'<div contenteditable=\"true\" style=\"width:100%; height:100%;\" class=\"w-e-text\" id=\"text-elem18429944743037385\"><p>还不错哦</p></div>','2018-05-28',11,'article'),(14,59,61,'<div contenteditable=\"true\" style=\"width:100%; height:100%;\" class=\"w-e-text\" id=\"text-elem4945490570371407\"><p>你好啊</p></div>','2018-05-28',4,'article'),(15,59,61,'<div contenteditable=\"true\" style=\"width:100%; height:100%;\" class=\"w-e-text\" id=\"text-elem6578393677261989\"><p>哈哈哈</p></div>','2018-05-28',2,'article'),(16,59,68,'<div class=\"w-e-text\" id=\"text-elem7088614411368981\" style=\"width:100%; height:100%;\" contenteditable=\"true\"><p>这个写得不错哦<br></p></div>','2018-05-29',0,'article');
/*!40000 ALTER TABLE `comment` ENABLE KEYS */;
UNLOCK TABLES;

--
-- Table structure for table `course`
--

DROP TABLE IF EXISTS `course`;
/*!40101 SET @saved_cs_client     = @@character_set_client */;
/*!40101 SET character_set_client = utf8 */;
CREATE TABLE `course` (
  `id` int(8) NOT NULL AUTO_INCREMENT,
  `teacherName` varchar(30) NOT NULL,
  `name` varchar(50) DEFAULT NULL,
  `shortContent` varchar(1000) DEFAULT NULL,
  `imgUrl` varchar(100) DEFAULT NULL,
  `college` varchar(200) DEFAULT NULL,
  `targetUrl` varchar(100) DEFAULT NULL,
  `wareUrl` varchar(100) DEFAULT NULL,
  `status` varchar(100) DEFAULT '0' COMMENT '课程状态\n0表示已经直播完成\n1表示正在直播\n2表示将要直播\n',
  `teacherid` int(11) DEFAULT '6',
  `isIpv6` int(11) DEFAULT '0' COMMENT '0表示不支持ipv6,1表示支持',
  `isOpen` tinyint(4) DEFAULT '0',
  PRIMARY KEY (`id`)
) ENGINE=InnoDB AUTO_INCREMENT=68 DEFAULT CHARSET=utf8;
/*!40101 SET character_set_client = @saved_cs_client */;

--
-- Dumping data for table `course`
--

LOCK TABLES `course` WRITE;
/*!40000 ALTER TABLE `course` DISABLE KEYS */;
INSERT INTO `course` VALUES (25,'刘专','数据库教学','','/image/1526606557282.jpg','中国人民大学','','','2',62,0,0),(26,'宗巍阳','唐诗艺术','','/image/1526434296835.jpg','北京大学','','','2',65,0,1),(27,'胡歌','演艺艺术','','/image/1526434279675.jpg','清华大学','','','0',65,0,1),(28,'刘桐羽','计算机python','','/image/1526607020494.jpg','哈弗大学','','','0',65,0,1),(57,'谷雨','自然语言处理','','/image/1526133928214.jpg','','','','0',74,0,0),(58,'GENNI','程序设计基础','','/image/1526153144561.jpg','','','','0',76,0,0),(59,'刘专','数据库教程','讲解数据库的教程','/image/1526268446388.jpg','中国人民大学','null','null','2',61,0,0),(63,'直播课堂老师','亦云展示','用于拍摄宣传片','/image/1526973598061.jpg','中国人民大学','null','null','2',78,1,0),(64,'古月','数据库','','/image/1527004109916.jpg','','null','null','2',71,1,0),(65,'潇潇','信息安全概论','','/image/1527592925209.jpg','中国人民大学','null','null','2',80,1,0),(66,'刘专','数据库','讲解基础数据库应用技术','/image/1529053473436.png','中国人民大学','null','null','2',61,0,0),(67,'白墨','数据库','讲授数据库基础技术','/image/1529053705711.png','中国人民大学','null','null','2',82,0,0);
/*!40000 ALTER TABLE `course` ENABLE KEYS */;
UNLOCK TABLES;

--
-- Table structure for table `message`
--

DROP TABLE IF EXISTS `message`;
/*!40101 SET @saved_cs_client     = @@character_set_client */;
/*!40101 SET character_set_client = utf8 */;
CREATE TABLE `message` (
  `id` int(11) NOT NULL AUTO_INCREMENT,
  `userId` varchar(45) DEFAULT NULL,
  `count` int(11) DEFAULT '0',
  `eventId` int(11) DEFAULT NULL,
  PRIMARY KEY (`id`)
) ENGINE=InnoDB AUTO_INCREMENT=2 DEFAULT CHARSET=utf8;
/*!40101 SET character_set_client = @saved_cs_client */;

--
-- Dumping data for table `message`
--

LOCK TABLES `message` WRITE;
/*!40000 ALTER TABLE `message` DISABLE KEYS */;
INSERT INTO `message` VALUES (1,'20150201993',1,NULL);
/*!40000 ALTER TABLE `message` ENABLE KEYS */;
UNLOCK TABLES;

--
-- Table structure for table `sc`
--

DROP TABLE IF EXISTS `sc`;
/*!40101 SET @saved_cs_client     = @@character_set_client */;
/*!40101 SET character_set_client = utf8 */;
CREATE TABLE `sc` (
  `id` int(11) NOT NULL AUTO_INCREMENT,
  `studentId` int(11) DEFAULT NULL,
  `courseId` int(11) DEFAULT NULL,
  `isCheck` int(11) DEFAULT '0' COMMENT '0表示未审核\n1表示已审核',
  PRIMARY KEY (`id`),
  UNIQUE KEY `studentId` (`studentId`,`courseId`)
) ENGINE=InnoDB AUTO_INCREMENT=157 DEFAULT CHARSET=utf8 COMMENT='学生(student)和课程(course)间的对应关系';
/*!40101 SET character_set_client = @saved_cs_client */;

--
-- Dumping data for table `sc`
--

LOCK TABLES `sc` WRITE;
/*!40000 ALTER TABLE `sc` DISABLE KEYS */;
INSERT INTO `sc` VALUES (107,25,63,-1),(108,63,25,-1),(109,64,26,1),(110,66,26,1),(112,63,26,1),(113,67,26,1),(114,61,25,0),(117,61,26,1),(118,63,53,1),(119,63,54,1),(120,63,56,1),(121,75,57,1),(122,64,53,-1),(123,64,54,-1),(124,68,59,1),(125,63,60,1),(126,63,61,1),(127,63,62,1),(128,68,63,1),(129,63,63,1),(130,70,63,1),(131,63,64,1),(132,64,63,1),(133,64,28,1),(134,78,28,1),(135,81,25,0),(137,81,26,1),(138,81,27,1),(139,81,28,1),(140,83,26,1),(141,68,64,1),(142,82,28,1),(143,82,26,1),(144,82,27,1),(145,81,67,1),(146,84,28,1),(147,84,25,0),(155,84,26,1),(156,84,27,1);
/*!40000 ALTER TABLE `sc` ENABLE KEYS */;
UNLOCK TABLES;

--
-- Table structure for table `teacher`
--

DROP TABLE IF EXISTS `teacher`;
/*!40101 SET @saved_cs_client     = @@character_set_client */;
/*!40101 SET character_set_client = utf8 */;
CREATE TABLE `teacher` (
  `teacherid` int(8) NOT NULL,
  `passwd` varchar(40) CHARACTER SET latin1 NOT NULL,
  `telenumber` varchar(11) CHARACTER SET latin1 NOT NULL,
  `name` varchar(45) CHARACTER SET latin1 DEFAULT NULL,
  PRIMARY KEY (`teacherid`),
  UNIQUE KEY `teacherid_UNIQUE` (`teacherid`)
) ENGINE=InnoDB DEFAULT CHARSET=utf8;
/*!40101 SET character_set_client = @saved_cs_client */;

--
-- Dumping data for table `teacher`
--

LOCK TABLES `teacher` WRITE;
/*!40000 ALTER TABLE `teacher` DISABLE KEYS */;
/*!40000 ALTER TABLE `teacher` ENABLE KEYS */;
UNLOCK TABLES;

--
-- Table structure for table `topic`
--

DROP TABLE IF EXISTS `topic`;
/*!40101 SET @saved_cs_client     = @@character_set_client */;
/*!40101 SET character_set_client = utf8 */;
CREATE TABLE `topic` (
  `id` int(11) NOT NULL AUTO_INCREMENT,
  `content` text,
  `imgUrl` varchar(100) DEFAULT NULL,
  `title` varchar(200) DEFAULT NULL,
  `authorId` int(11) DEFAULT NULL,
  `date` datetime DEFAULT NULL,
  `tag` varchar(10) DEFAULT NULL,
  `weight` int(11) DEFAULT '0',
  PRIMARY KEY (`id`)
) ENGINE=InnoDB AUTO_INCREMENT=2 DEFAULT CHARSET=utf8 COMMENT='话题';
/*!40101 SET character_set_client = @saved_cs_client */;

--
-- Dumping data for table `topic`
--

LOCK TABLES `topic` WRITE;
/*!40000 ALTER TABLE `topic` DISABLE KEYS */;
INSERT INTO `topic` VALUES (1,'当越来越多的人想要成为牛x的运维开发，但缺乏掌握全面的技术与实战能力时，怎么办呢？如果有一天领导要你去负责一个运维项目，你知道你还欠缺些什么吗？如果一个运维没有扎实的开发基础，如何更好的实现一套系统化平台？参与本话题，让大牛老师替你解答！','http://www.1y.net/client/image/hot1.jpg','运维进化篇：成为Python DevOps工程师有哪些必备条件？',61,'2018-06-02 12:36:23','a',1);
/*!40000 ALTER TABLE `topic` ENABLE KEYS */;
UNLOCK TABLES;

--
-- Table structure for table `user`
--

DROP TABLE IF EXISTS `user`;
/*!40101 SET @saved_cs_client     = @@character_set_client */;
/*!40101 SET character_set_client = utf8 */;
CREATE TABLE `user` (
  `id` int(11) NOT NULL AUTO_INCREMENT,
  `name` varchar(45) NOT NULL,
  `password` varchar(45) NOT NULL,
  `sex` varchar(10) DEFAULT NULL,
  `teleNumber` varchar(45) DEFAULT NULL,
  `college` varchar(45) DEFAULT NULL,
  `account` varchar(45) DEFAULT NULL,
  `headImgUrl` varchar(100) DEFAULT '#',
  `role` varchar(45) DEFAULT 'student',
  `email` varchar(45) DEFAULT NULL,
  `messageCount` int(11) DEFAULT '0' COMMENT 'messageCount代表一个老师的未读信息数',
  PRIMARY KEY (`id`),
  UNIQUE KEY `account_UNIQUE` (`account`)
) ENGINE=InnoDB AUTO_INCREMENT=86 DEFAULT CHARSET=utf8;
/*!40101 SET character_set_client = @saved_cs_client */;

--
-- Dumping data for table `user`
--

LOCK TABLES `user` WRITE;
/*!40000 ALTER TABLE `user` DISABLE KEYS */;
INSERT INTO `user` VALUES (61,'白墨','773092b2c160a0e085860c5cb83bcaf0','male','18810522533','北京大学','2015202040','#','teacher','1986283402@qq.com',0),(63,'胡景文','123456','male','18101253599','中国人民大学','2015200001','#','student','2015201993@ruc.edu.cn',0),(64,'Leonevera','a123456','female','15901323306','中国人民大学','2016202224','#','student','leon_xxswkl@163.com',0),(65,'111111','111111','M','11111111111','中国人民大学','111111','#','teacher','654393416@qq.com',0),(66,'苏Nicole','123456','female','13261202933','中国人民大学','20162021','#','student','inlalaland@163.com',0),(67,'poi','poi123456','M','12312312312','中国人民大学','2016202115','#','student','lvfangrui215@126.com',0),(68,'刘专','773092b2c160a0e085860c5cb83bcaf0','male','18810968300','中国人民大学','2015202025','#','student','2015202025@ruc.edu.cn',0),(69,'xiaoming','21111111','M','13611113305','中国人民大学','21111111','#','teacher','xming@ruc.edu.cn',0),(70,'l23','123','M','18810532500','中国人民大学','2015202018','#','student','949228491@qq.com',0),(71,'古月','123456','M','110','中国人民大学','2015201993','#','teacher','961703767@qq.com',3),(72,'Kotoricyann','poi123456','M','18210310530','中国人民大学','1','#','teacher','lfr@ruc.edu.cn',0),(73,'谷雨','123456','M','120','中国人民大学','2015200002','#','teacher','hujingwen6666@gmail.com',-3),(74,'guys','123456','M','119','中国人民大学','2015200003','#','teacher','guys666666@tom.com',-2),(75,'胡景文','123456','M','18101253500','中国人民大学','2015201994','#','student','zhang2huruc@tom.com',0),(76,'GENNI','a123456','M','111','中国人民大学','20182017','#','teacher','2016202224@ruc.edu.cn',0),(77,'宗巍阳','767513342z','M','null','中国人民大学','2015202020','#','student','1986283401@qq.com',0),(78,'直播课堂老师','123456','M','null','中国人民大学','2018001','#','teacher','1182979082@qq.com',-1),(80,'潇潇','He981103','F','null','中国人民大学','2016202227','#','teacher','18088004948@163.com',0),(81,'学生测试账号','a123456','M','null','中国人民大学','20002018','#','student','gennyx@163.com',0),(82,'教师测试账号','a123456','M','null','中国人民大学','10002018','#','teacher','gennyx@yeah.net',0),(83,'Carmen','qwertyui','F','null','中国人民大学','2016202120','#','student','1106135234@qq.com',0),(84,'mr_jiang','jjx201913','M','null','其他','201540410224','#','student','2416274101@qq.com',0),(85,'留置','767513342z','M',NULL,'中国人民大学','20140002','#','teacher','1986283402@qq.com',-1);
/*!40000 ALTER TABLE `user` ENABLE KEYS */;
UNLOCK TABLES;

--
-- Table structure for table `videos`
--

DROP TABLE IF EXISTS `videos`;
/*!40101 SET @saved_cs_client     = @@character_set_client */;
/*!40101 SET character_set_client = utf8 */;
CREATE TABLE `videos` (
  `videoid` int(10) NOT NULL,
  `videoown` int(8) DEFAULT NULL,
  `videotime` datetime NOT NULL,
  `goodrate` decimal(3,2) DEFAULT NULL,
  `addr` varchar(45) DEFAULT NULL,
  PRIMARY KEY (`videoid`),
  UNIQUE KEY `vedioid_UNIQUE` (`videoid`),
  KEY `owner_idx` (`videoown`),
  CONSTRAINT `owner` FOREIGN KEY (`videoown`) REFERENCES `teacher` (`teacherid`) ON DELETE NO ACTION ON UPDATE NO ACTION
) ENGINE=InnoDB DEFAULT CHARSET=utf8;
/*!40101 SET character_set_client = @saved_cs_client */;

--
-- Dumping data for table `videos`
--

LOCK TABLES `videos` WRITE;
/*!40000 ALTER TABLE `videos` DISABLE KEYS */;
/*!40000 ALTER TABLE `videos` ENABLE KEYS */;
UNLOCK TABLES;

--
-- Table structure for table `ware`
--

DROP TABLE IF EXISTS `ware`;
/*!40101 SET @saved_cs_client     = @@character_set_client */;
/*!40101 SET character_set_client = utf8 */;
CREATE TABLE `ware` (
  `id` int(11) NOT NULL AUTO_INCREMENT,
  `courseId` int(11) NOT NULL,
  `wareUrl` varchar(100) DEFAULT NULL,
  `name` varchar(100) DEFAULT NULL,
  `date` datetime DEFAULT NULL,
  PRIMARY KEY (`id`)
) ENGINE=InnoDB AUTO_INCREMENT=2 DEFAULT CHARSET=utf8;
/*!40101 SET character_set_client = @saved_cs_client */;

--
-- Dumping data for table `ware`
--

LOCK TABLES `ware` WRITE;
/*!40000 ALTER TABLE `ware` DISABLE KEYS */;
INSERT INTO `ware` VALUES (1,59,'/file/course/59/1528209678894$$代码.rar','代码.rar','2018-06-05 22:41:18');
/*!40000 ALTER TABLE `ware` ENABLE KEYS */;
UNLOCK TABLES;

--
-- Dumping routines for database 'yiyun'
--
/*!50003 DROP PROCEDURE IF EXISTS `add_user` */;
/*!50003 SET @saved_cs_client      = @@character_set_client */ ;
/*!50003 SET @saved_cs_results     = @@character_set_results */ ;
/*!50003 SET @saved_col_connection = @@collation_connection */ ;
/*!50003 SET character_set_client  = utf8 */ ;
/*!50003 SET character_set_results = utf8 */ ;
/*!50003 SET collation_connection  = utf8_general_ci */ ;
/*!50003 SET @saved_sql_mode       = @@sql_mode */ ;
/*!50003 SET sql_mode              = 'STRICT_TRANS_TABLES,NO_AUTO_CREATE_USER,NO_ENGINE_SUBSTITUTION' */ ;
DELIMITER ;;
CREATE DEFINER=`root`@`localhost` PROCEDURE `add_user`(in account varchar(200), in uname varchar(45),  in upass varchar(40), in uschool varchar(200))
BEGIN
insert users(user_pass,user_name,user_account,user_school) values(upass,uname,account,uschool);
SELECT ROW_COUNT();
END ;;
DELIMITER ;
/*!50003 SET sql_mode              = @saved_sql_mode */ ;
/*!50003 SET character_set_client  = @saved_cs_client */ ;
/*!50003 SET character_set_results = @saved_cs_results */ ;
/*!50003 SET collation_connection  = @saved_col_connection */ ;
/*!50003 DROP PROCEDURE IF EXISTS `classify` */;
/*!50003 SET @saved_cs_client      = @@character_set_client */ ;
/*!50003 SET @saved_cs_results     = @@character_set_results */ ;
/*!50003 SET @saved_col_connection = @@collation_connection */ ;
/*!50003 SET character_set_client  = utf8 */ ;
/*!50003 SET character_set_results = utf8 */ ;
/*!50003 SET collation_connection  = utf8_general_ci */ ;
/*!50003 SET @saved_sql_mode       = @@sql_mode */ ;
/*!50003 SET sql_mode              = 'STRICT_TRANS_TABLES,NO_AUTO_CREATE_USER,NO_ENGINE_SUBSTITUTION' */ ;
DELIMITER ;;
CREATE DEFINER=`root`@`localhost` PROCEDURE `classify`(in typed varchar(500) ,in class varchar(50))
BEGIN
     case typed 
     when 'course' then select * from courses where class=Cour_cla;
     when 'article' then select * from article where class=Art_cla;
     when 'carousels' then select * from carousels where class=car_cla;
      end case;
END ;;
DELIMITER ;
/*!50003 SET sql_mode              = @saved_sql_mode */ ;
/*!50003 SET character_set_client  = @saved_cs_client */ ;
/*!50003 SET character_set_results = @saved_cs_results */ ;
/*!50003 SET collation_connection  = @saved_col_connection */ ;
/*!50003 DROP PROCEDURE IF EXISTS `delete_mem` */;
/*!50003 SET @saved_cs_client      = @@character_set_client */ ;
/*!50003 SET @saved_cs_results     = @@character_set_results */ ;
/*!50003 SET @saved_col_connection = @@collation_connection */ ;
/*!50003 SET character_set_client  = utf8 */ ;
/*!50003 SET character_set_results = utf8 */ ;
/*!50003 SET collation_connection  = utf8_general_ci */ ;
/*!50003 SET @saved_sql_mode       = @@sql_mode */ ;
/*!50003 SET sql_mode              = 'STRICT_TRANS_TABLES,NO_AUTO_CREATE_USER,NO_ENGINE_SUBSTITUTION' */ ;
DELIMITER ;;
CREATE DEFINER=`root`@`localhost` PROCEDURE `delete_mem`(in typed varchar(200), in id int)
BEGIN
declare `flag` int;
   set `flag`=0;
   case typed 
   when 'user' then delete from users where user_id = id;
   when 'comment' then delete from comments where com_id = id;
   when 'article' then delete from article where Art_id = id;
   when 'course' then delete from courses where Cour_id = id;
   when 'carousel' then delete from carouses where car_id = id;
   end case;
   if row_count() >0 then set flag =1;
   end if;
SELECT flag;
END ;;
DELIMITER ;
/*!50003 SET sql_mode              = @saved_sql_mode */ ;
/*!50003 SET character_set_client  = @saved_cs_client */ ;
/*!50003 SET character_set_results = @saved_cs_results */ ;
/*!50003 SET collation_connection  = @saved_col_connection */ ;
/*!50003 DROP PROCEDURE IF EXISTS `get_comments` */;
/*!50003 SET @saved_cs_client      = @@character_set_client */ ;
/*!50003 SET @saved_cs_results     = @@character_set_results */ ;
/*!50003 SET @saved_col_connection = @@collation_connection */ ;
/*!50003 SET character_set_client  = utf8 */ ;
/*!50003 SET character_set_results = utf8 */ ;
/*!50003 SET collation_connection  = utf8_general_ci */ ;
/*!50003 SET @saved_sql_mode       = @@sql_mode */ ;
/*!50003 SET sql_mode              = 'STRICT_TRANS_TABLES,NO_AUTO_CREATE_USER,NO_ENGINE_SUBSTITUTION' */ ;
DELIMITER ;;
CREATE DEFINER=`root`@`localhost` PROCEDURE `get_comments`(in typed varchar(200) , in id int)
BEGIN
    case typed 
    when 'course' then select * from comments where com_courid=id;
    end case;
    
END ;;
DELIMITER ;
/*!50003 SET sql_mode              = @saved_sql_mode */ ;
/*!50003 SET character_set_client  = @saved_cs_client */ ;
/*!50003 SET character_set_results = @saved_cs_results */ ;
/*!50003 SET collation_connection  = @saved_col_connection */ ;
/*!50003 DROP PROCEDURE IF EXISTS `get_courses` */;
/*!50003 SET @saved_cs_client      = @@character_set_client */ ;
/*!50003 SET @saved_cs_results     = @@character_set_results */ ;
/*!50003 SET @saved_col_connection = @@collation_connection */ ;
/*!50003 SET character_set_client  = utf8 */ ;
/*!50003 SET character_set_results = utf8 */ ;
/*!50003 SET collation_connection  = utf8_general_ci */ ;
/*!50003 SET @saved_sql_mode       = @@sql_mode */ ;
/*!50003 SET sql_mode              = 'STRICT_TRANS_TABLES,NO_AUTO_CREATE_USER,NO_ENGINE_SUBSTITUTION' */ ;
DELIMITER ;;
CREATE DEFINER=`root`@`localhost` PROCEDURE `get_courses`(in typed varchar(200) , in `value` varchar(500) )
BEGIN
case typed 
    when 'teacher' then select * from courses where `value`=Cour_tename;
    when 'course' then select * from courses where `value`=Cour_name;
    when 'college' then select * from courses where `value`=Cour_college;
    end case;
END ;;
DELIMITER ;
/*!50003 SET sql_mode              = @saved_sql_mode */ ;
/*!50003 SET character_set_client  = @saved_cs_client */ ;
/*!50003 SET character_set_results = @saved_cs_results */ ;
/*!50003 SET collation_connection  = @saved_col_connection */ ;
/*!50003 DROP PROCEDURE IF EXISTS `get_id` */;
/*!50003 SET @saved_cs_client      = @@character_set_client */ ;
/*!50003 SET @saved_cs_results     = @@character_set_results */ ;
/*!50003 SET @saved_col_connection = @@collation_connection */ ;
/*!50003 SET character_set_client  = utf8 */ ;
/*!50003 SET character_set_results = utf8 */ ;
/*!50003 SET collation_connection  = utf8_general_ci */ ;
/*!50003 SET @saved_sql_mode       = @@sql_mode */ ;
/*!50003 SET sql_mode              = 'STRICT_TRANS_TABLES,NO_AUTO_CREATE_USER,NO_ENGINE_SUBSTITUTION' */ ;
DELIMITER ;;
CREATE DEFINER=`root`@`localhost` PROCEDURE `get_id`(in typed varchar(200), in id int)
BEGIN
   case typed
   when 'user' then select * from users where user_id = id;
   when 'comment' then select * from comments where com_id = id;
   when 'article' then select * from article where Art_id = id;
   when 'course' then select * from courses where Cour_id = id;
   when 'carousels' then select * from carouses where car_id = id; 
   end case ;
   if row_count()>0 then select 1;
   else select 0;
   end if;
END ;;
DELIMITER ;
/*!50003 SET sql_mode              = @saved_sql_mode */ ;
/*!50003 SET character_set_client  = @saved_cs_client */ ;
/*!50003 SET character_set_results = @saved_cs_results */ ;
/*!50003 SET collation_connection  = @saved_col_connection */ ;
/*!50003 DROP PROCEDURE IF EXISTS `get_navi` */;
/*!50003 SET @saved_cs_client      = @@character_set_client */ ;
/*!50003 SET @saved_cs_results     = @@character_set_results */ ;
/*!50003 SET @saved_col_connection = @@collation_connection */ ;
/*!50003 SET character_set_client  = utf8 */ ;
/*!50003 SET character_set_results = utf8 */ ;
/*!50003 SET collation_connection  = utf8_general_ci */ ;
/*!50003 SET @saved_sql_mode       = @@sql_mode */ ;
/*!50003 SET sql_mode              = 'STRICT_TRANS_TABLES,NO_AUTO_CREATE_USER,NO_ENGINE_SUBSTITUTION' */ ;
DELIMITER ;;
CREATE DEFINER=`root`@`localhost` PROCEDURE `get_navi`()
BEGIN
select * from navigation;
END ;;
DELIMITER ;
/*!50003 SET sql_mode              = @saved_sql_mode */ ;
/*!50003 SET character_set_client  = @saved_cs_client */ ;
/*!50003 SET character_set_results = @saved_cs_results */ ;
/*!50003 SET collation_connection  = @saved_col_connection */ ;
/*!50003 DROP PROCEDURE IF EXISTS `loading` */;
/*!50003 SET @saved_cs_client      = @@character_set_client */ ;
/*!50003 SET @saved_cs_results     = @@character_set_results */ ;
/*!50003 SET @saved_col_connection = @@collation_connection */ ;
/*!50003 SET character_set_client  = utf8 */ ;
/*!50003 SET character_set_results = utf8 */ ;
/*!50003 SET collation_connection  = utf8_general_ci */ ;
/*!50003 SET @saved_sql_mode       = @@sql_mode */ ;
/*!50003 SET sql_mode              = 'STRICT_TRANS_TABLES,NO_AUTO_CREATE_USER,NO_ENGINE_SUBSTITUTION' */ ;
DELIMITER ;;
CREATE DEFINER=`root`@`localhost` PROCEDURE `loading`(in account varchar(200))
BEGIN
    select * from users where account=user_account;
END ;;
DELIMITER ;
/*!50003 SET sql_mode              = @saved_sql_mode */ ;
/*!50003 SET character_set_client  = @saved_cs_client */ ;
/*!50003 SET character_set_results = @saved_cs_results */ ;
/*!50003 SET collation_connection  = @saved_col_connection */ ;
/*!40103 SET TIME_ZONE=@OLD_TIME_ZONE */;

/*!40101 SET SQL_MODE=@OLD_SQL_MODE */;
/*!40014 SET FOREIGN_KEY_CHECKS=@OLD_FOREIGN_KEY_CHECKS */;
/*!40014 SET UNIQUE_CHECKS=@OLD_UNIQUE_CHECKS */;
/*!40101 SET CHARACTER_SET_CLIENT=@OLD_CHARACTER_SET_CLIENT */;
/*!40101 SET CHARACTER_SET_RESULTS=@OLD_CHARACTER_SET_RESULTS */;
/*!40101 SET COLLATION_CONNECTION=@OLD_COLLATION_CONNECTION */;
/*!40111 SET SQL_NOTES=@OLD_SQL_NOTES */;

-- Dump completed on 2019-06-10 10:04:37
